player,team,opp,date,pts,trb,ast,fg,fga,fg_pct,threeP,ft,fta,gmsc,plus_minus,win,pts_rank
Nikola Jokić,DEN,MIN,2025-04-01 00:00:00,61,10,10,18,29,0.621,6,19,24,52.7,2.0,0,1
De'Aaron Fox,SAC,MIN,2024-11-15 00:00:00,60,3,7,22,35,0.629,6,10,11,47.0,1.0,0,2
Giannis Antetokounmpo,MIL,DET,2024-11-13 00:00:00,59,14,7,21,34,0.618,1,16,17,54.2,7.0,1,3
Nikola Jokić,DEN,WAS,2024-12-07 00:00:00,56,16,8,22,39,0.564,3,9,13,43.1,-1.0,0,4
Stephen Curry,GSW,ORL,2025-02-27 00:00:00,56,4,3,16,25,0.64,12,12,12,46.2,15.0,1,4
Jalen Brunson,NYK,WAS,2024-12-28 00:00:00,55,3,9,18,31,0.581,3,16,17,43.9,1.0,1,6
Jamal Murray,DEN,POR,2025-02-12 00:00:00,55,4,5,20,36,0.556,7,8,9,41.7,26.0,1,6
Shai Gilgeous-Alexander,OKC,UTA,2025-01-22 00:00:00,54,8,5,17,35,0.486,3,17,18,43.2,9.0,1,8
Anthony Edwards,MIN,DET,2025-01-04 00:00:00,53,6,2,16,31,0.516,10,11,12,33.3,-3.0,0,9
Shai Gilgeous-Alexander,OKC,GSW,2025-01-29 00:00:00,52,3,4,16,29,0.552,2,18,21,37.0,1.0,0,10
Stephen Curry,GSW,MEM,2025-04-01 00:00:00,52,10,8,16,31,0.516,12,8,8,48.6,17.0,1,10
Shai Gilgeous-Alexander,OKC,HOU,2025-03-03 00:00:00,51,5,7,18,30,0.6,5,10,10,43.7,6.0,1,12
CJ McCollum,NOP,WAS,2025-01-03 00:00:00,50,3,2,18,27,0.667,10,4,4,39.2,21.0,1,13
James Harden,LAC,DET,2025-03-05 00:00:00,50,4,5,14,24,0.583,6,16,20,37.8,13.0,1,13
LaMelo Ball,CHO,MIL,2024-11-23 00:00:00,50,5,10,17,38,0.447,6,10,13,33.3,7.0,0,13
Paolo Banchero,ORL,IND,2024-10-28 00:00:00,50,13,9,16,26,0.615,3,15,22,44.0,3.0,1,13
Shai Gilgeous-Alexander,OKC,PHO,2025-02-05 00:00:00,50,8,5,18,29,0.621,3,11,12,43.7,42.0,1,13
Victor Wembanyama,SAS,WAS,2024-11-13 00:00:00,50,6,2,18,29,0.621,8,6,9,40.2,13.0,1,13
Anthony Edwards,MIN,CHI,2025-02-05 00:00:00,49,9,3,13,28,0.464,6,17,18,36.1,17.0,1,19
De'Aaron Fox,SAC,UTA,2024-11-16 00:00:00,49,3,9,16,30,0.533,3,14,19,36.4,1.0,1,19
Donovan Mitchell,CLE,IND,2025-05-06 00:00:00,48,5,9,15,30,0.5,1,17,21,38.1,13.0,0,21
Nikola Jokić,DEN,ATL,2024-12-08 00:00:00,48,14,8,17,29,0.586,3,11,13,43.9,25.0,1,21
Shai Gilgeous-Alexander,OKC,DET,2025-03-15 00:00:00,48,4,6,17,26,0.654,4,10,10,43.3,18.0,1,21
Devin Booker,PHO,UTA,2025-02-07 00:00:00,47,6,11,18,33,0.545,3,8,9,36.0,7.0,1,24
Jayson Tatum,BOS,CLE,2025-02-28 00:00:00,46,16,9,19,37,0.514,4,4,5,37.9,5.0,0,25
Karl-Anthony Towns,NYK,CHI,2024-11-13 00:00:00,46,10,3,18,30,0.6,6,4,8,33.1,4.0,0,25
Kyrie Irving,DAL,POR,2024-12-28 00:00:00,46,2,2,16,26,0.615,5,9,9,34.9,-17.0,0,25
Miles Bridges,CHO,CLE,2025-03-07 00:00:00,46,8,2,15,32,0.469,4,12,13,32.8,5.0,0,25
Nikola Jokić,DEN,SAS,2025-01-04 00:00:00,46,9,10,19,35,0.543,3,5,6,40.2,7.0,1,25
Quentin Grimes,PHI,HOU,2025-03-17 00:00:00,46,13,4,15,27,0.556,8,8,13,34.1,-6.0,0,25
Austin Reaves,LAL,IND,2025-02-08 00:00:00,45,7,7,14,26,0.538,4,13,13,37.2,14.0,1,31
CJ McCollum,NOP,UTA,2025-01-20 00:00:00,45,8,4,18,31,0.581,5,4,4,34.6,2.0,1,31
Jamal Murray,DEN,DAL,2025-01-14 00:00:00,45,2,6,18,26,0.692,5,4,4,35.8,14.0,1,31
Jordan Poole,WAS,CLE,2025-02-07 00:00:00,45,4,5,16,32,0.5,4,9,11,30.5,-2.0,0,31
Luka Dončić,DAL,GSW,2024-12-15 00:00:00,45,11,13,16,23,0.696,6,7,9,48.7,18.0,1,31
Luka Dončić,LAL,MIL,2025-03-13 00:00:00,45,11,3,14,27,0.519,7,10,12,32.6,-16.0,0,31
Luka Dončić,LAL,DAL,2025-04-09 00:00:00,45,8,6,16,28,0.571,7,6,9,37.0,26.0,1,31
Shai Gilgeous-Alexander,OKC,LAC,2024-11-11 00:00:00,45,3,9,13,21,0.619,4,15,16,46.5,8.0,1,31
Shai Gilgeous-Alexander,OKC,IND,2024-12-26 00:00:00,45,7,8,15,22,0.682,4,11,11,43.9,10.0,1,31
Tyrese Maxey,PHI,IND,2024-10-27 00:00:00,45,4,4,14,32,0.438,5,12,15,27.2,6.0,1,31
Anthony Edwards,MIN,CLE,2025-02-10 00:00:00,44,6,1,13,28,0.464,8,10,13,24.9,-12.0,0,41
Anthony Edwards,MIN,PHO,2025-03-02 00:00:00,44,5,7,12,22,0.545,6,14,14,40.8,22.0,1,41
Anthony Edwards,MIN,MEM,2025-04-10 00:00:00,44,5,3,13,19,0.684,7,11,13,34.6,15.0,1,41
Coby White,CHI,ORL,2025-03-06 00:00:00,44,5,1,16,28,0.571,7,5,6,32.4,2.0,1,41
Desmond Bane,MEM,SAC,2025-03-17 00:00:00,44,6,4,15,25,0.6,7,7,7,33.3,0.0,0,41
Devin Booker,PHO,MIN,2024-11-17 00:00:00,44,6,7,15,29,0.517,6,8,9,32.3,4.0,0,41
Ja Morant,MEM,CLE,2025-03-14 00:00:00,44,8,7,17,22,0.773,1,9,10,40.1,-6.0,0,41
Jalen Brunson,NYK,MIL,2025-01-12 00:00:00,44,5,6,16,26,0.615,5,7,8,37.9,23.0,1,41
Jaylen Brown,BOS,IND,2024-12-27 00:00:00,44,5,3,16,24,0.667,6,6,6,41.4,30.0,1,41
Karl-Anthony Towns,NYK,MIA,2024-10-30 00:00:00,44,13,2,17,25,0.68,4,6,6,35.8,15.0,1,41
Karl-Anthony Towns,NYK,CHI,2025-01-04 00:00:00,44,16,5,17,29,0.586,3,7,10,36.8,-5.0,0,41
Karl-Anthony Towns,NYK,ATL,2025-02-12 00:00:00,44,10,3,14,25,0.56,7,9,11,30.2,7.0,1,41
LaMelo Ball,CHO,ORL,2024-11-25 00:00:00,44,9,7,17,30,0.567,4,6,8,29.7,-2.0,0,41
Nikola Jokić,DEN,OKC,2025-05-13 00:00:00,44,15,5,17,25,0.68,5,5,5,42.1,-8.0,0,41
Quentin Grimes,PHI,GSW,2025-03-01 00:00:00,44,6,1,18,24,0.75,6,2,8,35.4,-5.0,1,41
Anthony Edwards,MIN,UTA,2025-04-13 00:00:00,43,6,5,15,31,0.484,7,6,7,33.5,20.0,1,56
Anthony Edwards,MIN,LAL,2025-04-27 00:00:00,43,9,6,12,23,0.522,5,14,17,37.9,3.0,1,56
CJ McCollum,NOP,SAC,2025-02-13 00:00:00,43,7,2,16,25,0.64,7,4,6,33.0,8.0,1,56
Cam Thomas,BRK,NYK,2024-11-15 00:00:00,43,2,3,16,22,0.727,7,4,6,32.8,-1.0,0,56
Damian Lillard,MIL,PHI,2025-02-09 00:00:00,43,7,8,14,27,0.519,8,7,7,35.4,3.0,1,56
Donovan Mitchell,CLE,IND,2025-05-09 00:00:00,43,9,5,14,29,0.483,5,10,14,32.3,35.0,1,56
Giannis Antetokounmpo,MIL,BOS,2024-11-10 00:00:00,43,13,5,18,29,0.621,1,6,10,34.9,-6.0,0,56
Jalen Brunson,NYK,IND,2025-05-21 00:00:00,43,1,5,15,25,0.6,1,12,14,25.5,-8.0,0,56
Jamal Murray,DEN,LAC,2025-04-29 00:00:00,43,5,7,17,26,0.654,8,1,1,39.9,17.0,1,56
James Harden,LAC,WAS,2024-11-27 00:00:00,43,4,7,13,22,0.591,7,10,11,37.9,25.0,1,56
Jayson Tatum,BOS,CHI,2024-12-21 00:00:00,43,15,10,16,24,0.667,9,2,2,39.7,13.0,1,56
Kevin Durant,PHO,DET,2024-12-21 00:00:00,43,5,6,14,26,0.538,4,11,11,28.9,-9.0,0,56
Kyrie Irving,DAL,DEN,2024-11-10 00:00:00,43,5,5,17,22,0.773,6,3,3,39.7,-6.0,0,56
Paolo Banchero,ORL,MIN,2025-03-14 00:00:00,43,10,3,16,32,0.5,2,9,11,29.9,-2.0,0,56
Pat Connaughton,MIL,DET,2025-04-13 00:00:00,43,11,5,16,29,0.552,5,6,9,34.3,7.0,1,56
Payton Pritchard,BOS,POR,2025-03-05 00:00:00,43,10,5,14,20,0.7,10,5,5,41.9,12.0,1,56
Trae Young,ATL,PHO,2025-01-14 00:00:00,43,3,5,13,31,0.419,6,11,14,26.7,10.0,1,56
Tyrese Maxey,PHI,LAL,2025-01-28 00:00:00,43,3,2,15,26,0.577,4,9,9,32.5,20.0,1,56
Zach LaVine,SAC,DET,2025-04-07 00:00:00,43,3,4,16,28,0.571,8,3,4,31.5,6.0,1,56
Andrew Wiggins,MIA,CHO,2025-03-23 00:00:00,42,3,5,16,21,0.762,6,4,7,36.8,22.0,1,75
Anthony Davis,LAL,CHO,2025-01-27 00:00:00,42,23,2,17,28,0.607,0,8,10,35.7,16.0,1,75
DeMar DeRozan,SAC,DAL,2025-02-10 00:00:00,42,7,3,15,22,0.682,4,8,8,35.0,21.0,1,75
Giannis Antetokounmpo,MIL,WAS,2024-11-30 00:00:00,42,12,11,15,24,0.625,0,12,17,38.0,9.0,1,75
Jalen Brunson,NYK,HOU,2025-02-03 00:00:00,42,6,10,14,27,0.519,1,13,14,35.5,12.0,1,75
Jalen Green,HOU,MEM,2025-01-13 00:00:00,42,3,4,13,18,0.722,5,11,11,35.9,8.0,1,75
Jaren Jackson Jr.,MEM,SAS,2025-03-01 00:00:00,42,4,2,15,25,0.6,5,7,8,33.3,10.0,0,75
Jayson Tatum,BOS,NYK,2025-05-12 00:00:00,42,8,4,16,28,0.571,7,3,3,34.2,-9.0,0,75
Jordan Poole,WAS,SAS,2024-11-13 00:00:00,42,2,6,15,22,0.682,6,6,6,34.4,-6.0,0,75
Jordan Poole,WAS,IND,2025-02-12 00:00:00,42,5,5,15,29,0.517,6,6,6,29.4,-8.0,0,75
Kevin Durant,PHO,CLE,2025-03-21 00:00:00,42,6,8,17,29,0.586,4,4,4,33.2,7.0,1,75
Kyrie Irving,DAL,GSW,2025-02-12 00:00:00,42,7,0,15,25,0.6,7,5,5,30.2,8.0,1,75
LeBron James,LAL,GSW,2025-02-06 00:00:00,42,17,8,14,25,0.56,6,8,10,38.7,7.0,1,75
Nikola Jokić,DEN,OKC,2025-05-05 00:00:00,42,22,6,15,29,0.517,2,10,13,32.7,10.0,1,75
Shai Gilgeous-Alexander,OKC,LAL,2025-04-08 00:00:00,42,6,6,14,26,0.538,5,9,11,32.7,7.0,1,75
Tyrese Maxey,PHI,DEN,2025-01-31 00:00:00,42,2,9,15,26,0.577,6,6,8,32.1,-1.0,0,75
Victor Wembanyama,SAS,ATL,2024-12-19 00:00:00,42,6,5,13,24,0.542,7,9,12,34.3,17.0,1,75
Victor Wembanyama,SAS,NYK,2024-12-25 00:00:00,42,18,4,16,31,0.516,6,4,4,35.1,7.0,0,75
Zach LaVine,SAC,CHO,2025-02-24 00:00:00,42,3,2,16,19,0.842,8,2,3,35.0,36.0,1,75
Aaron Wiggins,OKC,SAC,2025-02-01 00:00:00,41,14,3,16,30,0.533,6,3,4,31.9,31.0,1,94
Anthony Edwards,MIN,WAS,2025-01-13 00:00:00,41,6,7,14,25,0.56,5,8,8,32.5,18.0,1,94
Anthony Edwards,MIN,HOU,2025-02-06 00:00:00,41,7,6,11,25,0.44,5,14,15,30.1,9.0,1,94
Anthony Edwards,MIN,UTA,2025-03-16 00:00:00,41,2,2,16,27,0.593,5,4,6,29.3,31.0,1,94
Damian Lillard,MIL,CLE,2024-11-02 00:00:00,41,4,9,13,24,0.542,10,5,8,33.8,3.0,0,94
Derrick White,BOS,POR,2025-03-05 00:00:00,41,3,2,14,26,0.538,9,4,4,33.4,8.0,1,94
Devin Booker,PHO,CHI,2025-03-19 00:00:00,41,4,7,14,26,0.538,6,7,7,30.9,10.0,1,94
Donovan Mitchell,CLE,BOS,2025-02-28 00:00:00,41,3,5,13,26,0.5,5,10,11,30.6,0.0,1,94
Evan Mobley,CLE,CHO,2024-12-07 00:00:00,41,10,2,16,23,0.696,6,3,4,35.0,19.0,1,94
Giannis Antetokounmpo,MIL,CHI,2024-11-20 00:00:00,41,9,8,17,24,0.708,0,7,14,36.5,7.0,1,94
Giannis Antetokounmpo,MIL,ORL,2025-01-10 00:00:00,41,14,4,19,29,0.655,0,3,10,33.5,-3.0,1,94
Jaime Jaquez Jr.,MIA,WAS,2025-04-13 00:00:00,41,10,7,17,25,0.68,2,5,7,34.0,-4.0,0,94
Jalen Green,HOU,PHI,2024-11-27 00:00:00,41,7,2,12,20,0.6,4,13,14,32.6,3.0,1,94
Jalen Williams,OKC,SAS,2025-03-02 00:00:00,41,6,6,15,24,0.625,4,7,7,37.1,12.0,1,94
James Harden,LAC,UTA,2024-12-16 00:00:00,41,1,6,11,17,0.647,7,12,14,34.1,27.0,1,94
Mikal Bridges,NYK,SAS,2024-12-25 00:00:00,41,1,4,17,25,0.68,6,1,1,36.4,8.0,1,94
Nikola Jokić,DEN,LAC,2024-10-26 00:00:00,41,9,4,14,26,0.538,7,6,8,31.2,7.0,0,94
Nikola Jokić,DEN,SAS,2025-01-03 00:00:00,41,18,9,15,36,0.417,3,8,9,33.5,7.0,0,94
Nikola Jokić,DEN,IND,2025-04-06 00:00:00,41,15,13,18,33,0.545,3,2,3,38.2,1.0,0,94
Norman Powell,LAC,UTA,2025-02-13 00:00:00,41,3,1,13,26,0.5,5,10,13,26.0,13.0,1,94
Paolo Banchero,ORL,GSW,2025-02-27 00:00:00,41,6,5,16,27,0.593,4,5,8,28.0,-12.0,0,94
Paolo Banchero,ORL,TOR,2025-03-04 00:00:00,41,8,8,14,20,0.7,4,9,10,41.1,-6.0,0,94
Shai Gilgeous-Alexander,OKC,WAS,2024-12-23 00:00:00,41,9,3,14,25,0.56,3,10,10,36.0,25.0,1,94
Shai Gilgeous-Alexander,OKC,MEM,2025-03-05 00:00:00,41,2,8,14,25,0.56,3,10,10,31.3,19.0,1,94
Trey Murphy III,NOP,DEN,2025-02-03 00:00:00,41,3,3,13,21,0.619,8,7,7,37.2,-9.0,0,94
Anthony Davis,LAL,SAS,2024-11-15 00:00:00,40,12,2,14,26,0.538,2,10,12,33.6,12.0,1,119
Anthony Davis,LAL,MEM,2024-12-15 00:00:00,40,16,2,15,22,0.682,1,9,12,34.3,14.0,1,119
Anthony Davis,DAL,MEM,2025-04-18 00:00:00,40,9,2,16,29,0.552,2,6,8,28.9,-18.0,0,119
CJ McCollum,NOP,DET,2025-03-23 00:00:00,40,5,7,16,28,0.571,5,3,5,31.0,3.0,0,119
Cade Cunningham,DET,MIN,2025-01-04 00:00:00,40,6,9,15,29,0.517,4,6,7,30.2,24.0,1,119
Cade Cunningham,DET,DAL,2025-01-31 00:00:00,40,6,4,17,30,0.567,3,3,3,29.2,11.0,1,119
Darius Garland,CLE,TOR,2025-01-09 00:00:00,40,2,9,14,22,0.636,4,8,9,35.7,18.0,1,119
Devin Booker,PHO,LAC,2024-10-31 00:00:00,40,5,8,11,18,0.611,5,13,15,39.1,20.0,1,119
Devin Booker,PHO,NYK,2025-04-06 00:00:00,40,4,3,16,29,0.552,2,6,7,25.6,-9.0,0,119
Jalen Brunson,NYK,DET,2025-05-01 00:00:00,40,4,7,15,33,0.455,3,7,8,26.6,5.0,1,119
Jalen Williams,OKC,IND,2025-06-16 00:00:00,40,6,4,14,25,0.56,3,9,12,30.3,14.0,1,119
James Harden,LAC,MIL,2025-01-25 00:00:00,40,5,9,12,24,0.5,4,12,12,35.4,12.0,1,119
Jayson Tatum,BOS,NYK,2025-02-08 00:00:00,40,6,4,13,26,0.5,7,7,9,29.4,18.0,1,119
Jayson Tatum,BOS,LAL,2025-03-08 00:00:00,40,12,8,12,28,0.429,6,10,12,32.5,12.0,1,119
Karl-Anthony Towns,NYK,IND,2025-02-11 00:00:00,40,12,5,14,23,0.609,3,9,9,37.2,14.0,1,119
LeBron James,LAL,POR,2025-02-20 00:00:00,40,8,4,14,24,0.583,4,8,8,24.9,8.0,1,119
Luka Dončić,DAL,PHO,2024-10-26 00:00:00,40,10,4,12,25,0.48,5,11,12,30.2,-12.0,0,119
Nikola Jokić,DEN,TOR,2024-10-28 00:00:00,40,10,4,18,27,0.667,3,1,2,33.5,9.0,1,119
Nikola Jokić,DEN,POR,2025-02-10 00:00:00,40,7,8,15,22,0.682,2,8,8,36.6,22.0,1,119
Nikola Jokić,DEN,WAS,2025-03-15 00:00:00,40,13,9,16,30,0.533,1,7,7,35.0,6.0,0,119
Nikola Vučević,CHI,CHO,2025-01-17 00:00:00,40,13,3,17,25,0.68,2,4,4,35.9,5.0,0,119
OG Anunoby,NYK,DEN,2024-11-25 00:00:00,40,5,4,16,23,0.696,5,3,3,33.9,21.0,1,119
Shai Gilgeous-Alexander,OKC,MIN,2024-12-31 00:00:00,40,3,2,15,23,0.652,3,7,9,32.4,11.0,1,119
Shai Gilgeous-Alexander,OKC,CLE,2025-01-16 00:00:00,40,3,8,17,26,0.654,1,5,5,34.7,32.0,1,119
Shai Gilgeous-Alexander,OKC,DEN,2025-03-09 00:00:00,40,8,5,15,32,0.469,2,8,8,30.2,11.0,1,119
Shai Gilgeous-Alexander,OKC,MIN,2025-05-26 00:00:00,40,9,10,13,30,0.433,2,12,14,29.1,5.0,1,119
Stephen Curry,GSW,BRK,2025-03-06 00:00:00,40,4,4,12,20,0.6,7,9,9,29.4,-16.0,1,119
Trey Murphy III,NOP,BOS,2025-01-31 00:00:00,40,5,4,15,20,0.75,8,2,3,30.9,3.0,0,119
Tyler Herro,MIA,DET,2024-11-12 00:00:00,40,5,8,14,27,0.519,10,2,2,35.6,3.0,0,119
Tyler Herro,MIA,DAL,2025-02-13 00:00:00,40,8,3,15,30,0.5,3,7,9,28.7,-8.0,0,119
Tyler Herro,MIA,MIL,2025-02-23 00:00:00,40,7,11,12,27,0.444,3,13,14,33.3,7.0,0,119
Tyrese Maxey,PHI,CHO,2024-12-16 00:00:00,40,5,5,12,28,0.429,6,10,13,28.2,18.0,1,119
Zion Williamson,NOP,SAC,2025-02-08 00:00:00,40,4,4,16,21,0.762,0,8,11,32.3,4.0,0,119
