player,date,game_number,pts,gmsc,ts_pct,rolling_10g_pts,rolling_10g_gmsc,cumulative_pts
Anthony Edwards,2024-10-22 00:00:00,1,27,11.8,0.513,27.0,11.8,27
Anthony Edwards,2024-10-24 00:00:00,2,32,20.9,0.591,29.5,16.35,59
Anthony Edwards,2024-10-26 00:00:00,3,24,13.2,0.538,27.666666666666668,15.299999999999999,83
Anthony Edwards,2024-10-29 00:00:00,4,37,24.6,0.732,30.0,17.625,120
Anthony Edwards,2024-11-01 00:00:00,5,29,20.6,0.63,29.8,18.22,149
Anthony Edwards,2024-11-02 00:00:00,6,21,13.4,0.56,28.333333333333332,17.416666666666668,170
Anthony Edwards,2024-11-04 00:00:00,7,21,16.7,0.746,27.285714285714285,17.314285714285713,191
Anthony Edwards,2024-11-07 00:00:00,8,33,27.8,0.691,28.0,18.625,224
Anthony Edwards,2024-11-08 00:00:00,9,37,26.9,0.797,29.0,19.544444444444444,261
Anthony Edwards,2024-11-10 00:00:00,10,22,8.9,0.434,28.3,18.48,283
Anthony Edwards,2024-11-12 00:00:00,11,26,18.9,0.601,28.2,19.19,309
Anthony Edwards,2024-11-13 00:00:00,12,24,15.4,0.448,27.4,18.64,333
Anthony Edwards,2024-11-15 00:00:00,13,36,22.4,0.646,28.6,19.56,369
Anthony Edwards,2024-11-17 00:00:00,14,24,21.4,0.783,27.3,19.240000000000002,393
Anthony Edwards,2024-11-21 00:00:00,15,26,18.1,0.61,27.0,18.990000000000002,419
Anthony Edwards,2024-11-24 00:00:00,16,28,20.3,0.615,27.7,19.68,447
Anthony Edwards,2024-11-26 00:00:00,17,29,21.4,0.549,28.5,20.15,476
Anthony Edwards,2024-11-27 00:00:00,18,29,22.8,0.527,28.1,19.65,505
Anthony Edwards,2024-11-29 00:00:00,19,21,10.4,0.453,26.5,18.0,526
Anthony Edwards,2024-12-02 00:00:00,20,8,2.5,0.288,25.1,17.36,534
Anthony Edwards,2024-12-04 00:00:00,21,16,14.0,0.538,24.1,16.869999999999997,550
Anthony Edwards,2024-12-06 00:00:00,22,30,27.3,0.759,24.7,18.06,580
Anthony Edwards,2024-12-08 00:00:00,23,27,17.2,0.679,23.8,17.54,607
Anthony Edwards,2024-12-13 00:00:00,24,23,11.4,0.518,23.7,16.54,630
Anthony Edwards,2024-12-15 00:00:00,25,26,16.0,0.582,23.7,16.330000000000002,656
Anthony Edwards,2024-12-19 00:00:00,26,17,16.7,0.531,22.6,15.969999999999999,673
Anthony Edwards,2024-12-21 00:00:00,27,19,10.4,0.437,21.6,14.87,692
Anthony Edwards,2024-12-23 00:00:00,28,16,6.8,0.391,20.3,13.27,708
Anthony Edwards,2024-12-25 00:00:00,29,26,18.6,0.542,20.8,14.09,734
Anthony Edwards,2024-12-27 00:00:00,30,24,15.4,0.655,22.4,15.38,758
Anthony Edwards,2024-12-29 00:00:00,31,14,6.3,0.342,22.2,14.61,772
Anthony Edwards,2024-12-31 00:00:00,32,20,14.0,0.727,21.2,13.280000000000001,792
Anthony Edwards,2025-01-02 00:00:00,33,15,8.8,0.422,20.0,12.440000000000001,807
Anthony Edwards,2025-01-04 00:00:00,34,53,33.3,0.73,23.0,14.63,860
Anthony Edwards,2025-01-06 00:00:00,35,37,28.2,0.601,24.1,15.85,897
Anthony Edwards,2025-01-07 00:00:00,36,32,22.9,0.677,25.6,16.47,929
Anthony Edwards,2025-01-09 00:00:00,37,21,14.3,0.457,25.8,16.86,950
Anthony Edwards,2025-01-11 00:00:00,38,15,7.0,0.466,25.7,16.880000000000003,965
Anthony Edwards,2025-01-13 00:00:00,39,41,32.5,0.719,27.2,18.27,1006
Anthony Edwards,2025-01-15 00:00:00,40,28,17.6,0.587,27.6,18.490000000000002,1034
Anthony Edwards,2025-01-17 00:00:00,41,36,29.7,0.791,29.8,20.830000000000002,1070
Anthony Edwards,2025-01-18 00:00:00,42,28,19.5,0.568,30.6,21.380000000000003,1098
Anthony Edwards,2025-01-20 00:00:00,43,32,18.9,0.594,32.3,22.39,1130
Anthony Edwards,2025-01-22 00:00:00,44,21,13.5,0.466,29.1,20.41,1151
Anthony Edwards,2025-01-25 00:00:00,45,34,25.5,0.687,28.8,20.14,1185
Anthony Edwards,2025-01-27 00:00:00,46,23,13.8,0.447,27.9,19.23,1208
Anthony Edwards,2025-01-29 00:00:00,47,33,25.6,0.689,29.1,20.36,1241
Anthony Edwards,2025-01-30 00:00:00,48,36,35.6,0.854,31.2,23.22,1277
Anthony Edwards,2025-02-03 00:00:00,49,21,12.6,0.461,29.2,21.23,1298
Anthony Edwards,2025-02-05 00:00:00,50,49,36.1,0.682,31.3,23.080000000000002,1347
Anthony Edwards,2025-02-06 00:00:00,51,41,30.1,0.649,31.8,23.12,1388
Anthony Edwards,2025-02-10 00:00:00,52,44,24.9,0.652,33.4,23.66,1432
Anthony Edwards,2025-02-12 00:00:00,53,28,13.4,0.398,33.0,23.11,1460
Anthony Edwards,2025-02-13 00:00:00,54,23,20.4,0.504,33.2,23.8,1483
Anthony Edwards,2025-02-21 00:00:00,55,37,18.8,0.508,33.5,23.130000000000003,1520
Anthony Edwards,2025-02-23 00:00:00,56,29,21.6,0.571,34.1,23.91,1549
Anthony Edwards,2025-02-24 00:00:00,57,17,12.3,0.438,32.5,22.580000000000002,1566
Anthony Edwards,2025-02-27 00:00:00,58,18,17.9,0.654,30.7,20.81,1584
Anthony Edwards,2025-03-02 00:00:00,59,44,40.8,0.781,33.0,23.630000000000003,1628
Anthony Edwards,2025-03-04 00:00:00,60,18,11.3,0.639,29.9,21.15,1646
Anthony Edwards,2025-03-05 00:00:00,61,29,24.4,0.616,28.7,20.58,1675
Anthony Edwards,2025-03-07 00:00:00,62,13,12.9,0.553,25.6,19.380000000000003,1688
Anthony Edwards,2025-03-09 00:00:00,63,25,19.9,0.766,25.3,20.029999999999998,1713
Anthony Edwards,2025-03-12 00:00:00,64,29,19.8,0.599,25.9,19.97,1742
Anthony Edwards,2025-03-14 00:00:00,65,28,19.5,0.622,25.0,20.04,1770
Anthony Edwards,2025-03-16 00:00:00,66,41,29.3,0.692,26.2,20.81,1811
Anthony Edwards,2025-03-17 00:00:00,67,38,28.0,0.579,28.3,22.38,1849
Anthony Edwards,2025-03-19 00:00:00,68,29,22.0,0.548,29.4,22.79,1878
Anthony Edwards,2025-03-21 00:00:00,69,17,14.5,0.612,26.7,20.16,1895
Anthony Edwards,2025-03-24 00:00:00,70,17,6.7,0.418,26.6,19.7,1912
Anthony Edwards,2025-03-28 00:00:00,71,20,14.4,0.526,25.7,18.7,1932
Anthony Edwards,2025-03-30 00:00:00,72,25,15.3,0.602,26.9,18.94,1957
Anthony Edwards,2025-04-01 00:00:00,73,34,23.9,0.605,27.8,19.34,1991
Anthony Edwards,2025-04-03 00:00:00,74,28,24.2,0.814,27.7,19.78,2019
Anthony Edwards,2025-04-05 00:00:00,75,37,28.4,0.754,28.6,20.669999999999998,2056
Anthony Edwards,2025-04-08 00:00:00,76,25,13.5,0.441,27.0,19.09,2081
Anthony Edwards,2025-04-10 00:00:00,77,44,34.6,0.89,27.6,19.75,2125
Anthony Edwards,2025-04-11 00:00:00,78,9,8.8,0.409,25.6,18.43,2134
Anthony Edwards,2025-04-13 00:00:00,79,43,33.5,0.631,28.2,20.330000000000002,2177
Anthony Edwards,2025-04-19 00:00:00,80,22,17.7,0.481,28.7,21.43,2199
Anthony Edwards,2025-04-22 00:00:00,81,25,13.0,0.526,29.2,21.29,2224
Anthony Edwards,2025-04-25 00:00:00,82,29,24.3,0.558,29.6,22.19,2253
Anthony Edwards,2025-04-27 00:00:00,83,43,37.9,0.705,30.5,23.59,2296
Anthony Edwards,2025-04-30 00:00:00,84,15,14.8,0.333,29.2,22.65,2311
Anthony Edwards,2025-05-06 00:00:00,85,23,17.1,0.475,27.8,21.52,2334
Anthony Edwards,2025-05-08 00:00:00,86,20,21.0,0.605,27.3,22.27,2354
Anthony Edwards,2025-05-10 00:00:00,87,36,22.5,0.571,26.5,21.06,2390
Anthony Edwards,2025-05-12 00:00:00,88,30,21.0,0.672,28.6,22.28,2420
Anthony Edwards,2025-05-14 00:00:00,89,22,20.1,0.693,26.5,20.94,2442
Anthony Edwards,2025-05-20 00:00:00,90,18,10.0,0.56,26.1,20.169999999999998,2460
Anthony Edwards,2025-05-22 00:00:00,91,32,25.4,0.526,26.8,21.41,2492
Anthony Edwards,2025-05-24 00:00:00,92,30,27.0,0.839,26.9,21.68,2522
Anthony Edwards,2025-05-26 00:00:00,93,16,7.7,0.498,24.2,18.66,2538
Anthony Edwards,2025-05-28 00:00:00,94,19,8.5,0.46,24.6,18.03,2557
Cade Cunningham,2024-10-23 00:00:00,1,28,21.2,0.546,28.0,21.2,28
Cade Cunningham,2024-10-25 00:00:00,2,33,17.4,0.652,30.5,19.299999999999997,61
Cade Cunningham,2024-10-26 00:00:00,3,21,13.2,0.45,27.333333333333332,17.266666666666666,82
Cade Cunningham,2024-10-28 00:00:00,4,24,17.7,0.621,26.5,17.375,106
Cade Cunningham,2024-10-30 00:00:00,5,22,16.6,0.624,25.6,17.22,128
Cade Cunningham,2024-11-01 00:00:00,6,22,18.0,0.579,25.0,17.349999999999998,150
Cade Cunningham,2024-11-03 00:00:00,7,19,10.2,0.663,24.142857142857142,16.32857142857143,169
Cade Cunningham,2024-11-04 00:00:00,8,17,15.1,0.443,23.25,16.175,186
Cade Cunningham,2024-11-06 00:00:00,9,20,13.9,0.419,22.88888888888889,15.922222222222224,206
Cade Cunningham,2024-11-08 00:00:00,10,22,20.0,0.573,22.8,16.330000000000002,228
Cade Cunningham,2024-11-10 00:00:00,11,26,18.7,0.55,22.6,16.080000000000002,254
Cade Cunningham,2024-11-12 00:00:00,12,21,15.3,0.581,21.4,15.87,275
Cade Cunningham,2024-11-13 00:00:00,13,35,23.5,0.489,22.8,16.9,310
Cade Cunningham,2024-11-15 00:00:00,14,15,8.1,0.343,21.9,15.940000000000001,325
Cade Cunningham,2024-11-17 00:00:00,15,21,27.0,0.61,21.8,16.98,346
Cade Cunningham,2024-11-18 00:00:00,16,26,20.7,0.62,22.2,17.25,372
Cade Cunningham,2024-11-21 00:00:00,17,27,17.5,0.451,23.0,17.98,399
Cade Cunningham,2024-11-29 00:00:00,18,24,19.0,0.632,23.7,18.369999999999997,423
Cade Cunningham,2024-12-03 00:00:00,19,23,16.1,0.617,24.0,18.59,446
Cade Cunningham,2024-12-04 00:00:00,20,27,22.7,0.617,24.5,18.86,473
Cade Cunningham,2024-12-07 00:00:00,21,29,31.0,0.722,24.8,20.09,502
Cade Cunningham,2024-12-12 00:00:00,22,18,11.9,0.409,24.5,19.75,520
Cade Cunningham,2024-12-16 00:00:00,23,20,22.3,0.521,23.0,19.630000000000003,540
Cade Cunningham,2024-12-19 00:00:00,24,33,25.6,0.666,24.8,21.380000000000003,573
Cade Cunningham,2024-12-21 00:00:00,25,28,24.7,0.61,25.5,21.15,601
Cade Cunningham,2024-12-23 00:00:00,26,20,10.6,0.386,24.9,20.14,621
Cade Cunningham,2024-12-26 00:00:00,27,33,23.0,0.564,25.5,20.69,654
Cade Cunningham,2024-12-28 00:00:00,28,17,9.6,0.45,24.8,19.75,671
Cade Cunningham,2025-01-01 00:00:00,29,19,15.6,0.638,24.4,19.7,690
Cade Cunningham,2025-01-03 00:00:00,30,18,10.5,0.431,23.5,18.48,708
Cade Cunningham,2025-01-04 00:00:00,31,40,30.2,0.623,24.6,18.4,748
Cade Cunningham,2025-01-06 00:00:00,32,32,25.6,0.624,26.0,19.77,780
Cade Cunningham,2025-01-08 00:00:00,33,13,10.0,0.597,25.3,18.54,793
Cade Cunningham,2025-01-09 00:00:00,34,32,27.6,0.653,25.2,18.740000000000002,825
Cade Cunningham,2025-01-11 00:00:00,35,22,21.0,0.573,24.6,18.369999999999997,847
Cade Cunningham,2025-01-13 00:00:00,36,36,23.5,0.626,26.2,19.66,883
Cade Cunningham,2025-01-16 00:00:00,37,20,8.9,0.431,24.9,18.25,903
Cade Cunningham,2025-01-18 00:00:00,38,20,10.6,0.349,25.2,18.35,923
Cade Cunningham,2025-01-20 00:00:00,39,32,20.3,0.661,26.5,18.82,955
Cade Cunningham,2025-01-22 00:00:00,40,29,22.4,0.698,27.6,20.009999999999998,984
Cade Cunningham,2025-01-25 00:00:00,41,35,24.3,0.513,27.1,19.419999999999998,1019
Cade Cunningham,2025-01-27 00:00:00,42,22,10.0,0.396,26.1,17.86,1041
Cade Cunningham,2025-01-29 00:00:00,43,32,24.2,0.627,28.0,19.28,1073
Cade Cunningham,2025-01-31 00:00:00,44,40,29.2,0.639,28.8,19.44,1113
Cade Cunningham,2025-02-02 00:00:00,45,22,20.0,0.469,28.8,19.34,1135
Cade Cunningham,2025-02-03 00:00:00,46,30,25.3,0.522,28.2,19.52,1165
Cade Cunningham,2025-02-05 00:00:00,47,38,31.9,0.547,30.0,21.82,1203
Cade Cunningham,2025-02-09 00:00:00,48,19,17.2,0.506,29.9,22.48,1222
Cade Cunningham,2025-02-11 00:00:00,49,20,21.2,0.693,28.7,22.57,1242
Cade Cunningham,2025-02-12 00:00:00,50,29,20.2,0.62,28.7,22.35,1271
Cade Cunningham,2025-02-21 00:00:00,51,25,21.0,0.746,27.7,22.02,1296
Cade Cunningham,2025-02-23 00:00:00,52,38,36.6,0.75,29.3,24.68,1334
Cade Cunningham,2025-02-24 00:00:00,53,32,21.4,0.587,29.3,24.4,1366
Cade Cunningham,2025-02-26 00:00:00,54,21,13.6,0.48,27.4,22.84,1387
Cade Cunningham,2025-02-28 00:00:00,55,11,7.0,0.387,26.3,21.54,1398
Cade Cunningham,2025-03-01 00:00:00,56,15,13.9,0.644,24.8,20.4,1413
Cade Cunningham,2025-03-03 00:00:00,57,29,20.0,0.563,23.9,19.21,1442
Cade Cunningham,2025-03-05 00:00:00,58,37,28.2,0.669,25.7,20.31,1479
Cade Cunningham,2025-03-08 00:00:00,59,31,21.0,0.724,26.8,20.29,1510
Cade Cunningham,2025-03-09 00:00:00,60,28,15.2,0.668,26.7,19.79,1538
Cade Cunningham,2025-03-11 00:00:00,61,27,20.7,0.536,26.9,19.759999999999998,1565
Cade Cunningham,2025-03-13 00:00:00,62,38,29.0,0.555,26.9,19.0,1603
Cade Cunningham,2025-03-15 00:00:00,63,11,5.8,0.298,24.8,17.44,1614
Cade Cunningham,2025-03-17 00:00:00,64,24,19.0,0.676,25.1,17.98,1638
Cade Cunningham,2025-03-19 00:00:00,65,25,21.0,0.5,26.5,19.380000000000003,1663
Cade Cunningham,2025-03-21 00:00:00,66,35,23.3,0.543,28.5,20.32,1698
Cade Cunningham,2025-04-05 00:00:00,67,25,14.0,0.462,28.1,19.72,1723
Cade Cunningham,2025-04-07 00:00:00,68,35,26.3,0.677,27.9,19.53,1758
Cade Cunningham,2025-04-10 00:00:00,69,36,27.1,0.699,28.4,20.14,1794
Cade Cunningham,2025-04-11 00:00:00,70,36,34.1,0.791,29.2,22.03,1830
Cade Cunningham,2025-04-19 00:00:00,71,21,12.5,0.453,28.6,21.21,1851
Cade Cunningham,2025-04-21 00:00:00,72,33,23.8,0.628,28.1,20.69,1884
Cade Cunningham,2025-04-24 00:00:00,73,24,18.5,0.456,29.4,21.96,1908
Cade Cunningham,2025-04-27 00:00:00,74,25,18.3,0.505,29.5,21.89,1933
Cade Cunningham,2025-04-29 00:00:00,75,24,18.6,0.539,29.4,21.65,1957
Cade Cunningham,2025-05-01 00:00:00,76,23,17.6,0.467,28.2,21.080000000000002,1980
De'Aaron Fox,2024-10-24 00:00:00,1,15,13.7,0.504,15.0,13.7,15
De'Aaron Fox,2024-10-26 00:00:00,2,28,20.5,0.595,21.5,17.1,43
De'Aaron Fox,2024-10-28 00:00:00,3,24,15.3,0.551,22.333333333333332,16.5,67
De'Aaron Fox,2024-10-29 00:00:00,4,19,15.0,0.598,21.5,16.125,86
De'Aaron Fox,2024-11-01 00:00:00,5,31,24.8,0.832,23.4,17.86,117
De'Aaron Fox,2024-11-02 00:00:00,6,24,13.9,0.455,23.5,17.2,141
De'Aaron Fox,2024-11-04 00:00:00,7,28,17.8,0.615,24.142857142857142,17.285714285714285,169
De'Aaron Fox,2024-11-06 00:00:00,8,21,11.6,0.491,23.75,16.575,190
De'Aaron Fox,2024-11-08 00:00:00,9,31,15.1,0.685,24.555555555555557,16.41111111111111,221
De'Aaron Fox,2024-11-10 00:00:00,10,21,18.2,0.448,24.2,16.59,242
De'Aaron Fox,2024-11-11 00:00:00,11,24,17.0,0.578,25.1,16.919999999999998,266
De'Aaron Fox,2024-11-13 00:00:00,12,29,28.4,0.707,25.2,17.71,295
De'Aaron Fox,2024-11-15 00:00:00,13,60,47.0,0.753,28.8,20.880000000000003,355
De'Aaron Fox,2024-11-16 00:00:00,14,49,36.4,0.639,31.8,23.02,404
De'Aaron Fox,2024-11-18 00:00:00,15,28,18.5,0.565,31.5,22.39,432
De'Aaron Fox,2024-11-22 00:00:00,16,29,24.0,0.594,32.0,23.4,461
De'Aaron Fox,2024-11-24 00:00:00,17,31,25.6,0.728,32.3,24.18,492
De'Aaron Fox,2024-11-25 00:00:00,18,14,4.9,0.418,31.6,23.509999999999998,506
De'Aaron Fox,2024-11-27 00:00:00,19,26,18.4,0.537,31.1,23.84,532
De'Aaron Fox,2024-11-29 00:00:00,20,22,10.6,0.522,31.2,23.080000000000002,554
De'Aaron Fox,2024-12-01 00:00:00,21,23,20.1,0.482,31.1,23.39,577
De'Aaron Fox,2024-12-03 00:00:00,22,22,19.7,0.579,30.4,22.52,599
De'Aaron Fox,2024-12-05 00:00:00,23,18,10.6,0.37,26.2,18.880000000000003,617
De'Aaron Fox,2024-12-06 00:00:00,24,22,18.0,0.615,23.5,17.04,639
De'Aaron Fox,2024-12-08 00:00:00,25,21,20.2,0.591,22.8,17.21,660
De'Aaron Fox,2024-12-12 00:00:00,26,18,11.2,0.414,21.7,15.930000000000001,678
De'Aaron Fox,2024-12-16 00:00:00,27,29,18.7,0.544,21.5,15.24,707
De'Aaron Fox,2024-12-19 00:00:00,28,26,17.9,0.595,22.7,16.54,733
De'Aaron Fox,2024-12-21 00:00:00,29,31,26.5,0.826,23.2,17.35,764
De'Aaron Fox,2024-12-22 00:00:00,30,23,17.1,0.511,23.3,18.0,787
De'Aaron Fox,2024-12-26 00:00:00,31,26,14.3,0.494,23.6,17.419999999999998,813
De'Aaron Fox,2024-12-28 00:00:00,32,29,26.3,0.516,24.3,18.080000000000002,842
De'Aaron Fox,2024-12-30 00:00:00,33,33,26.5,0.655,25.8,19.669999999999998,875
De'Aaron Fox,2025-01-01 00:00:00,34,35,28.8,0.897,27.1,20.75,910
De'Aaron Fox,2025-01-03 00:00:00,35,23,14.1,0.427,27.3,20.14,933
De'Aaron Fox,2025-01-12 00:00:00,36,26,22.3,0.714,28.1,21.25,959
De'Aaron Fox,2025-01-14 00:00:00,37,20,12.0,0.435,27.2,20.580000000000002,979
De'Aaron Fox,2025-01-16 00:00:00,38,19,17.0,0.495,26.5,20.490000000000002,998
De'Aaron Fox,2025-01-19 00:00:00,39,12,16.1,0.436,24.6,19.45,1010
De'Aaron Fox,2025-01-22 00:00:00,40,14,11.9,0.455,23.7,18.93,1024
De'Aaron Fox,2025-01-23 00:00:00,41,17,8.0,0.354,22.8,18.3,1041
De'Aaron Fox,2025-01-25 00:00:00,42,14,4.1,0.35,21.3,16.080000000000002,1055
De'Aaron Fox,2025-01-27 00:00:00,43,30,24.7,0.723,21.0,15.9,1085
De'Aaron Fox,2025-01-29 00:00:00,44,19,14.0,0.567,19.4,14.419999999999998,1104
De'Aaron Fox,2025-02-01 00:00:00,45,20,16.4,0.608,19.1,14.65,1124
De'Aaron Fox,2025-02-05 00:00:00,46,24,24.8,0.545,18.9,14.9,1148
De'Aaron Fox,2025-02-07 00:00:00,47,22,20.5,0.586,19.1,15.75,1170
De'Aaron Fox,2025-02-08 00:00:00,48,9,3.7,0.353,18.1,14.419999999999998,1179
De'Aaron Fox,2025-02-10 00:00:00,49,30,25.2,0.684,19.9,15.330000000000002,1209
De'Aaron Fox,2025-02-12 00:00:00,50,23,16.0,0.664,20.8,15.74,1232
De'Aaron Fox,2025-02-20 00:00:00,51,26,22.5,0.566,21.7,17.19,1258
De'Aaron Fox,2025-02-21 00:00:00,52,27,24.4,0.715,23.0,19.22,1285
De'Aaron Fox,2025-02-23 00:00:00,53,13,5.9,0.341,21.3,17.34,1298
De'Aaron Fox,2025-02-25 00:00:00,54,15,9.5,0.336,20.9,16.89,1313
De'Aaron Fox,2025-02-26 00:00:00,55,7,0.7,0.292,19.6,15.319999999999999,1320
De'Aaron Fox,2025-03-01 00:00:00,56,20,14.2,0.521,19.2,14.26,1340
De'Aaron Fox,2025-03-02 00:00:00,57,20,12.4,0.53,19.0,13.45,1360
De'Aaron Fox,2025-03-04 00:00:00,58,15,14.6,0.625,19.6,14.540000000000001,1375
De'Aaron Fox,2025-03-07 00:00:00,59,16,11.5,0.417,18.2,13.169999999999998,1391
De'Aaron Fox,2025-03-09 00:00:00,60,22,17.7,0.854,18.1,13.34,1413
De'Aaron Fox,2025-03-10 00:00:00,61,14,9.5,0.504,16.9,12.04,1427
De'Aaron Fox,2025-03-12 00:00:00,62,32,26.5,0.579,17.4,12.25,1459
Devin Booker,2024-10-23 00:00:00,1,15,11.0,0.759,15.0,11.0,15
Devin Booker,2024-10-25 00:00:00,2,23,14.5,0.526,19.0,12.75,38
Devin Booker,2024-10-26 00:00:00,3,21,16.4,0.608,19.666666666666668,13.966666666666667,59
Devin Booker,2024-10-28 00:00:00,4,33,22.6,0.622,23.0,16.125,92
Devin Booker,2024-10-31 00:00:00,5,40,39.1,0.813,26.4,20.72,132
Devin Booker,2024-11-02 00:00:00,6,28,23.9,0.519,26.666666666666668,21.25,160
Devin Booker,2024-11-04 00:00:00,7,13,6.8,0.308,24.714285714285715,19.185714285714287,173
Devin Booker,2024-11-06 00:00:00,8,22,17.8,0.6,24.375,19.0125,195
Devin Booker,2024-11-08 00:00:00,9,13,16.1,0.468,23.11111111111111,18.688888888888886,208
Devin Booker,2024-11-10 00:00:00,10,23,19.1,0.503,23.1,18.73,231
Devin Booker,2024-11-12 00:00:00,11,31,27.8,0.685,24.7,20.41,262
Devin Booker,2024-11-13 00:00:00,12,18,13.0,0.483,24.2,20.259999999999998,280
Devin Booker,2024-11-15 00:00:00,13,12,7.1,0.444,23.3,19.330000000000002,292
Devin Booker,2024-11-17 00:00:00,14,44,32.3,0.667,24.4,20.3,336
Devin Booker,2024-11-18 00:00:00,15,17,10.3,0.511,22.1,17.419999999999998,353
Devin Booker,2024-11-20 00:00:00,16,33,24.3,0.622,22.6,17.46,386
Devin Booker,2024-11-26 00:00:00,17,26,24.4,0.693,23.9,19.22,412
Devin Booker,2024-11-27 00:00:00,18,31,20.3,0.653,24.8,19.47,443
Devin Booker,2024-11-30 00:00:00,19,27,24.0,0.574,26.2,20.259999999999998,470
Devin Booker,2024-12-03 00:00:00,20,29,20.2,0.625,26.8,20.369999999999997,499
Devin Booker,2024-12-05 00:00:00,21,28,16.6,0.535,26.5,19.25,527
Devin Booker,2024-12-07 00:00:00,22,21,12.1,0.538,26.8,19.16,548
Devin Booker,2024-12-08 00:00:00,23,25,18.6,0.501,28.1,20.31,573
Devin Booker,2024-12-13 00:00:00,24,34,27.9,0.61,27.1,19.869999999999997,607
Devin Booker,2024-12-15 00:00:00,25,28,24.0,0.726,28.2,21.240000000000002,635
Devin Booker,2024-12-19 00:00:00,26,17,16.8,0.629,26.6,20.490000000000002,652
Devin Booker,2024-12-31 00:00:00,27,16,9.1,0.353,25.6,18.96,668
Devin Booker,2025-01-04 00:00:00,28,20,18.4,0.581,24.5,18.77,688
Devin Booker,2025-01-06 00:00:00,29,10,5.2,0.268,22.8,16.89,698
Devin Booker,2025-01-07 00:00:00,30,39,32.5,0.673,23.8,18.119999999999997,737
Devin Booker,2025-01-09 00:00:00,31,20,16.0,0.448,23.0,18.06,757
Devin Booker,2025-01-11 00:00:00,32,34,27.7,0.781,24.3,19.619999999999997,791
Devin Booker,2025-01-12 00:00:00,33,30,28.7,0.663,24.8,20.63,821
Devin Booker,2025-01-14 00:00:00,34,35,26.3,0.707,24.9,20.47,856
Devin Booker,2025-01-16 00:00:00,35,37,26.1,0.605,25.8,20.68,893
Devin Booker,2025-01-18 00:00:00,36,35,25.4,0.631,27.6,21.54,928
Devin Booker,2025-01-20 00:00:00,37,15,3.6,0.476,27.5,20.990000000000002,943
Devin Booker,2025-01-22 00:00:00,38,32,26.8,0.655,28.7,21.830000000000002,975
Devin Booker,2025-01-25 00:00:00,39,18,12.4,0.418,29.5,22.55,993
Devin Booker,2025-01-27 00:00:00,40,26,20.4,0.582,28.2,21.34,1019
Devin Booker,2025-01-29 00:00:00,41,28,15.3,0.66,29.0,21.27,1047
Devin Booker,2025-01-31 00:00:00,42,31,27.1,0.637,28.7,21.21,1078
Devin Booker,2025-02-01 00:00:00,43,37,26.9,0.766,29.4,21.03,1115
Devin Booker,2025-02-03 00:00:00,44,34,25.3,0.704,29.3,20.93,1149
Devin Booker,2025-02-05 00:00:00,45,19,9.4,0.609,27.5,19.259999999999998,1168
Devin Booker,2025-02-07 00:00:00,46,47,36.0,0.636,28.7,20.32,1215
Devin Booker,2025-02-08 00:00:00,47,24,16.1,0.566,29.6,21.57,1239
Devin Booker,2025-02-11 00:00:00,48,17,13.6,0.559,28.1,20.25,1256
Devin Booker,2025-02-20 00:00:00,49,17,10.7,0.485,28.0,20.080000000000002,1273
Devin Booker,2025-02-22 00:00:00,50,29,24.0,0.64,28.3,20.44,1302
Devin Booker,2025-02-23 00:00:00,51,31,24.8,0.579,28.6,21.39,1333
Devin Booker,2025-02-25 00:00:00,52,28,20.1,0.67,28.3,20.69,1361
Devin Booker,2025-02-27 00:00:00,53,36,26.3,0.585,28.2,20.630000000000003,1397
Devin Booker,2025-02-28 00:00:00,54,17,15.4,0.612,26.5,19.64,1414
Devin Booker,2025-03-02 00:00:00,55,17,9.5,0.618,26.3,19.65,1431
Devin Booker,2025-03-04 00:00:00,56,17,11.0,0.585,23.3,17.15,1448
Devin Booker,2025-03-07 00:00:00,57,34,28.6,0.74,24.3,18.4,1482
Devin Booker,2025-03-09 00:00:00,58,24,17.2,0.527,25.0,18.759999999999998,1506
Devin Booker,2025-03-10 00:00:00,59,26,16.6,0.55,25.9,19.35,1532
Devin Booker,2025-03-12 00:00:00,60,19,11.0,0.552,24.9,18.05,1551
Devin Booker,2025-03-14 00:00:00,61,22,21.6,0.615,24.0,17.73,1573
Devin Booker,2025-03-16 00:00:00,62,19,16.2,0.473,23.1,17.34,1592
Devin Booker,2025-03-17 00:00:00,63,27,22.9,0.729,22.2,17.0,1619
Devin Booker,2025-03-19 00:00:00,64,41,30.9,0.705,24.6,18.55,1660
Devin Booker,2025-03-21 00:00:00,65,17,12.9,0.475,24.6,18.89,1677
Devin Booker,2025-03-24 00:00:00,66,19,14.3,0.47,24.8,19.22,1696
Devin Booker,2025-03-26 00:00:00,67,14,11.8,0.448,22.8,17.54,1710
Devin Booker,2025-03-28 00:00:00,68,10,1.8,0.326,21.4,16.0,1720
Devin Booker,2025-03-30 00:00:00,69,28,18.3,0.746,21.6,16.169999999999998,1748
Devin Booker,2025-04-01 00:00:00,70,39,25.4,0.549,23.6,17.61,1787
Devin Booker,2025-04-04 00:00:00,71,37,26.4,0.593,25.1,18.09,1824
Devin Booker,2025-04-06 00:00:00,72,40,25.6,0.623,27.2,19.03,1864
Devin Booker,2025-04-08 00:00:00,73,21,11.7,0.523,26.6,17.91,1885
Devin Booker,2025-04-09 00:00:00,74,20,16.6,0.46,24.5,16.48,1905
Devin Booker,2025-04-11 00:00:00,75,18,14.5,0.723,24.6,16.64,1923
Donovan Mitchell,2024-10-23 00:00:00,1,21,16.8,0.615,21.0,16.8,21
Donovan Mitchell,2024-10-25 00:00:00,2,19,8.0,0.417,20.0,12.4,40
Donovan Mitchell,2024-10-26 00:00:00,3,30,25.1,0.776,23.333333333333332,16.633333333333336,70
Donovan Mitchell,2024-10-28 00:00:00,4,25,15.6,0.666,23.75,16.375,95
Donovan Mitchell,2024-10-30 00:00:00,5,24,20.0,0.6,23.8,17.1,119
Donovan Mitchell,2024-11-01 00:00:00,6,22,13.7,0.693,23.5,16.533333333333335,141
Donovan Mitchell,2024-11-02 00:00:00,7,30,20.0,0.561,24.428571428571427,17.02857142857143,171
Donovan Mitchell,2024-11-04 00:00:00,8,14,7.1,0.441,23.125,15.7875,185
Donovan Mitchell,2024-11-06 00:00:00,9,29,21.6,0.64,23.77777777777778,16.433333333333334,214
Donovan Mitchell,2024-11-08 00:00:00,10,12,3.2,0.432,22.6,15.11,226
Donovan Mitchell,2024-11-09 00:00:00,11,22,15.8,0.709,22.7,15.01,248
Donovan Mitchell,2024-11-11 00:00:00,12,36,29.6,0.628,24.4,17.17,284
Donovan Mitchell,2024-11-13 00:00:00,13,23,24.5,0.548,23.7,17.11,307
Donovan Mitchell,2024-11-15 00:00:00,14,37,30.8,0.709,24.9,18.630000000000003,344
Donovan Mitchell,2024-11-19 00:00:00,15,35,21.4,0.538,26.0,18.77,379
Donovan Mitchell,2024-11-20 00:00:00,16,10,7.8,0.46,24.8,18.18,389
Donovan Mitchell,2024-11-24 00:00:00,17,26,16.5,0.705,24.4,17.830000000000002,415
Donovan Mitchell,2024-11-27 00:00:00,18,30,21.0,0.545,26.0,19.22,445
Donovan Mitchell,2024-11-29 00:00:00,19,12,5.0,0.261,24.3,17.56,457
Donovan Mitchell,2024-12-01 00:00:00,20,35,27.0,0.714,26.6,19.94,492
Donovan Mitchell,2024-12-03 00:00:00,21,19,18.5,0.582,26.3,20.21,511
Donovan Mitchell,2024-12-05 00:00:00,22,28,17.9,0.583,25.5,19.04,539
Donovan Mitchell,2024-12-07 00:00:00,23,18,16.2,0.699,25.0,18.21,557
Donovan Mitchell,2024-12-08 00:00:00,24,12,5.2,0.365,22.5,15.65,569
Donovan Mitchell,2024-12-13 00:00:00,25,20,15.4,0.518,21.0,15.05,589
Donovan Mitchell,2024-12-16 00:00:00,26,18,16.8,0.571,21.8,15.95,607
Donovan Mitchell,2024-12-20 00:00:00,27,27,26.3,0.729,21.9,16.93,634
Donovan Mitchell,2024-12-21 00:00:00,28,19,11.3,0.578,20.8,15.959999999999999,653
Donovan Mitchell,2024-12-23 00:00:00,29,22,20.9,0.64,21.8,17.55,675
Donovan Mitchell,2024-12-27 00:00:00,30,33,28.8,0.822,21.6,17.73,708
Donovan Mitchell,2024-12-30 00:00:00,31,23,16.0,0.605,22.0,17.48,731
Donovan Mitchell,2024-12-31 00:00:00,32,26,16.2,0.586,21.8,17.31,757
Donovan Mitchell,2025-01-03 00:00:00,33,15,13.1,0.609,21.5,17.0,772
Donovan Mitchell,2025-01-05 00:00:00,34,19,12.9,0.594,22.2,17.77,791
Donovan Mitchell,2025-01-08 00:00:00,35,11,3.0,0.31,21.3,16.53,802
Donovan Mitchell,2025-01-12 00:00:00,36,19,10.5,0.531,21.4,15.9,821
Donovan Mitchell,2025-01-14 00:00:00,37,35,28.1,0.66,22.2,16.080000000000002,856
Donovan Mitchell,2025-01-16 00:00:00,38,8,1.3,0.252,21.1,15.080000000000002,864
Donovan Mitchell,2025-01-18 00:00:00,39,36,26.8,0.581,22.5,15.669999999999998,900
Donovan Mitchell,2025-01-20 00:00:00,40,33,26.3,0.588,22.5,15.419999999999998,933
Donovan Mitchell,2025-01-22 00:00:00,41,19,9.4,0.409,22.1,14.76,952
Donovan Mitchell,2025-01-24 00:00:00,42,37,28.9,0.698,23.2,16.03,989
Donovan Mitchell,2025-01-25 00:00:00,43,33,23.9,0.533,25.0,17.11,1022
Donovan Mitchell,2025-01-27 00:00:00,44,21,19.8,0.696,25.2,17.8,1043
Donovan Mitchell,2025-01-29 00:00:00,45,34,27.8,0.725,27.5,20.28,1077
Donovan Mitchell,2025-01-30 00:00:00,46,24,19.7,0.659,28.0,21.2,1101
Donovan Mitchell,2025-02-02 00:00:00,47,12,10.5,0.607,25.7,19.44,1113
Donovan Mitchell,2025-02-04 00:00:00,48,31,22.1,0.589,28.0,21.52,1144
Donovan Mitchell,2025-02-07 00:00:00,49,33,21.2,0.585,27.7,20.96,1177
Donovan Mitchell,2025-02-10 00:00:00,50,23,22.5,0.751,26.7,20.580000000000002,1200
Donovan Mitchell,2025-02-12 00:00:00,51,21,15.5,0.538,26.9,21.19,1221
Donovan Mitchell,2025-02-20 00:00:00,52,26,14.4,0.512,25.8,19.740000000000002,1247
Donovan Mitchell,2025-02-21 00:00:00,53,27,24.4,0.827,25.2,19.79,1274
Donovan Mitchell,2025-02-23 00:00:00,54,33,22.7,0.593,26.4,20.080000000000002,1307
Donovan Mitchell,2025-02-25 00:00:00,55,11,7.0,0.458,24.1,18.0,1318
Donovan Mitchell,2025-02-28 00:00:00,56,41,30.6,0.665,25.8,19.09,1359
Donovan Mitchell,2025-03-04 00:00:00,57,28,23.3,0.604,27.4,20.369999999999997,1387
Donovan Mitchell,2025-03-05 00:00:00,58,26,19.1,0.647,26.9,20.07,1413
Donovan Mitchell,2025-03-07 00:00:00,59,24,9.2,0.446,26.0,18.869999999999997,1437
Donovan Mitchell,2025-03-09 00:00:00,60,15,8.8,0.415,25.2,17.5,1452
Donovan Mitchell,2025-03-16 00:00:00,61,23,10.3,0.398,25.4,16.98,1475
Donovan Mitchell,2025-03-18 00:00:00,62,18,14.3,0.436,24.6,16.97,1493
Donovan Mitchell,2025-03-19 00:00:00,63,26,18.8,0.62,24.5,16.41,1519
Donovan Mitchell,2025-03-21 00:00:00,64,7,0.1,0.177,21.9,14.15,1526
Donovan Mitchell,2025-03-23 00:00:00,65,16,11.6,0.472,22.4,14.61,1542
Donovan Mitchell,2025-03-27 00:00:00,66,25,29.3,0.619,20.8,14.48,1567
Donovan Mitchell,2025-03-28 00:00:00,67,38,25.6,0.639,21.8,14.709999999999999,1605
Donovan Mitchell,2025-03-30 00:00:00,68,24,24.4,0.578,21.6,15.24,1629
Donovan Mitchell,2025-04-02 00:00:00,69,27,24.0,0.683,21.9,16.720000000000002,1656
Donovan Mitchell,2025-04-04 00:00:00,70,26,19.7,0.63,23.0,17.81,1682
Donovan Mitchell,2025-04-06 00:00:00,71,19,13.6,0.498,22.6,18.14,1701
Donovan Mitchell,2025-04-20 00:00:00,72,30,26.2,0.679,23.8,19.330000000000002,1731
Donovan Mitchell,2025-04-23 00:00:00,73,30,24.1,0.659,24.2,19.86,1761
Donovan Mitchell,2025-04-26 00:00:00,74,13,3.9,0.401,24.8,20.240000000000002,1774
Donovan Mitchell,2025-04-28 00:00:00,75,22,16.8,0.693,25.4,20.759999999999998,1796
Donovan Mitchell,2025-05-04 00:00:00,76,33,20.5,0.486,26.2,19.880000000000003,1829
Donovan Mitchell,2025-05-06 00:00:00,77,48,38.1,0.612,27.2,21.130000000000003,1877
Donovan Mitchell,2025-05-09 00:00:00,78,43,32.3,0.611,29.1,21.919999999999998,1920
Donovan Mitchell,2025-05-11 00:00:00,79,12,5.5,0.44,27.6,20.07,1932
Donovan Mitchell,2025-05-13 00:00:00,80,35,24.4,0.511,28.5,20.54,1967
Giannis Antetokounmpo,2024-10-23 00:00:00,1,25,23.3,0.693,25.0,23.3,25
Giannis Antetokounmpo,2024-10-25 00:00:00,2,38,28.5,0.632,31.5,25.9,63
Giannis Antetokounmpo,2024-10-27 00:00:00,3,22,21.3,0.694,28.333333333333332,24.366666666666664,85
Giannis Antetokounmpo,2024-10-28 00:00:00,4,30,14.8,0.524,28.75,21.975,115
Giannis Antetokounmpo,2024-10-31 00:00:00,5,37,32.0,0.725,30.4,23.98,152
Giannis Antetokounmpo,2024-11-02 00:00:00,6,34,32.4,0.565,31.0,25.383333333333336,186
Giannis Antetokounmpo,2024-11-07 00:00:00,7,31,23.8,0.59,31.0,25.157142857142855,217
Giannis Antetokounmpo,2024-11-08 00:00:00,8,24,17.9,0.508,30.125,24.25,241
Giannis Antetokounmpo,2024-11-10 00:00:00,9,43,34.9,0.644,31.555555555555557,25.433333333333334,284
Giannis Antetokounmpo,2024-11-12 00:00:00,10,23,21.1,0.721,30.7,25.0,307
Giannis Antetokounmpo,2024-11-13 00:00:00,11,59,54.2,0.711,34.1,28.089999999999996,366
Giannis Antetokounmpo,2024-11-16 00:00:00,12,22,22.9,0.49,32.5,27.53,388
Giannis Antetokounmpo,2024-11-18 00:00:00,13,20,10.1,0.498,32.3,26.410000000000004,408
Giannis Antetokounmpo,2024-11-20 00:00:00,14,41,36.5,0.68,33.4,28.580000000000002,449
Giannis Antetokounmpo,2024-11-22 00:00:00,15,37,33.7,0.716,33.4,28.75,486
Giannis Antetokounmpo,2024-11-23 00:00:00,16,32,24.8,0.584,33.2,27.99,518
Giannis Antetokounmpo,2024-11-30 00:00:00,17,42,38.0,0.667,34.3,29.410000000000004,560
Giannis Antetokounmpo,2024-12-03 00:00:00,18,28,24.7,0.86,34.7,30.089999999999996,588
Giannis Antetokounmpo,2024-12-04 00:00:00,19,31,24.6,0.609,33.5,29.060000000000002,619
Giannis Antetokounmpo,2024-12-06 00:00:00,20,30,20.3,0.543,34.2,28.98,649
Giannis Antetokounmpo,2024-12-08 00:00:00,21,34,28.8,0.644,31.7,26.439999999999998,683
Giannis Antetokounmpo,2024-12-10 00:00:00,22,37,25.8,0.632,33.2,26.73,720
Giannis Antetokounmpo,2024-12-14 00:00:00,23,32,36.4,0.698,34.4,29.360000000000003,752
Giannis Antetokounmpo,2024-12-17 00:00:00,24,26,27.9,0.545,32.9,28.5,778
Giannis Antetokounmpo,2024-12-20 00:00:00,25,33,25.5,0.625,32.5,27.68,811
Giannis Antetokounmpo,2024-12-31 00:00:00,26,30,24.7,0.583,32.3,27.669999999999998,841
Giannis Antetokounmpo,2025-01-02 00:00:00,27,27,20.7,0.475,30.8,25.939999999999998,868
Giannis Antetokounmpo,2025-01-04 00:00:00,28,31,21.4,0.539,31.1,25.610000000000003,899
Giannis Antetokounmpo,2025-01-06 00:00:00,29,11,12.7,0.619,29.1,24.419999999999998,910
Giannis Antetokounmpo,2025-01-08 00:00:00,30,25,21.0,0.519,28.6,24.490000000000002,935
Giannis Antetokounmpo,2025-01-10 00:00:00,31,41,33.5,0.614,29.3,24.96,976
Giannis Antetokounmpo,2025-01-12 00:00:00,32,24,14.5,0.472,28.0,23.83,1000
Giannis Antetokounmpo,2025-01-14 00:00:00,33,33,31.7,0.633,28.1,23.36,1033
Giannis Antetokounmpo,2025-01-15 00:00:00,34,26,19.4,0.702,28.1,22.509999999999998,1059
Giannis Antetokounmpo,2025-01-17 00:00:00,35,35,25.1,0.627,28.3,22.47,1094
Giannis Antetokounmpo,2025-01-19 00:00:00,36,34,34.0,0.734,28.7,23.4,1128
Giannis Antetokounmpo,2025-01-23 00:00:00,37,25,21.9,0.558,28.5,23.52,1153
Giannis Antetokounmpo,2025-01-25 00:00:00,38,36,25.1,0.629,29.0,23.89,1189
Giannis Antetokounmpo,2025-01-27 00:00:00,39,35,32.4,0.639,31.4,25.860000000000003,1224
Giannis Antetokounmpo,2025-01-28 00:00:00,40,39,30.1,0.687,32.8,26.77,1263
Giannis Antetokounmpo,2025-01-31 00:00:00,41,35,29.6,0.6,32.2,26.380000000000003,1298
Giannis Antetokounmpo,2025-02-02 00:00:00,42,30,25.8,0.635,32.8,27.51,1328
Giannis Antetokounmpo,2025-02-20 00:00:00,43,23,18.1,0.71,31.8,26.15,1351
Giannis Antetokounmpo,2025-02-21 00:00:00,44,18,9.1,0.65,31.0,25.12,1369
Giannis Antetokounmpo,2025-02-23 00:00:00,45,23,23.6,0.639,29.8,24.970000000000002,1392
Giannis Antetokounmpo,2025-02-25 00:00:00,46,27,25.0,0.606,29.1,24.07,1419
Giannis Antetokounmpo,2025-02-27 00:00:00,47,28,24.0,0.528,29.4,24.28,1447
Giannis Antetokounmpo,2025-03-01 00:00:00,48,29,33.4,0.735,28.7,25.11,1476
Giannis Antetokounmpo,2025-03-04 00:00:00,49,26,24.4,0.558,27.8,24.31,1502
Giannis Antetokounmpo,2025-03-05 00:00:00,50,32,28.9,0.707,27.1,24.19,1534
Giannis Antetokounmpo,2025-03-08 00:00:00,51,37,32.6,0.665,27.3,24.490000000000002,1571
Giannis Antetokounmpo,2025-03-09 00:00:00,52,30,20.8,0.545,27.3,23.990000000000002,1601
Giannis Antetokounmpo,2025-03-11 00:00:00,53,19,19.3,0.62,26.9,24.11,1620
Giannis Antetokounmpo,2025-03-13 00:00:00,54,24,22.3,0.528,27.5,25.43,1644
Giannis Antetokounmpo,2025-03-15 00:00:00,55,34,29.3,0.786,28.6,26.0,1678
Giannis Antetokounmpo,2025-03-16 00:00:00,56,21,24.1,0.518,28.0,25.910000000000004,1699
Giannis Antetokounmpo,2025-03-18 00:00:00,57,20,19.8,0.442,27.2,25.490000000000002,1719
Giannis Antetokounmpo,2025-03-20 00:00:00,58,28,24.9,0.69,27.1,24.64,1747
Giannis Antetokounmpo,2025-03-22 00:00:00,59,32,29.3,0.622,27.7,25.130000000000003,1779
Giannis Antetokounmpo,2025-03-24 00:00:00,60,31,24.4,0.627,27.6,24.68,1810
Giannis Antetokounmpo,2025-03-28 00:00:00,61,30,25.3,0.687,26.9,23.95,1840
Giannis Antetokounmpo,2025-03-30 00:00:00,62,31,22.2,0.642,27.0,24.09,1871
Giannis Antetokounmpo,2025-04-01 00:00:00,63,37,39.3,0.795,28.8,26.089999999999996,1908
Giannis Antetokounmpo,2025-04-03 00:00:00,64,35,46.0,0.734,29.9,28.46,1943
Giannis Antetokounmpo,2025-04-05 00:00:00,65,36,33.7,0.663,30.1,28.9,1979
Giannis Antetokounmpo,2025-04-08 00:00:00,66,23,27.1,0.58,30.3,29.2,2002
Giannis Antetokounmpo,2025-04-10 00:00:00,67,28,26.4,0.654,31.1,29.860000000000003,2030
Giannis Antetokounmpo,2025-04-11 00:00:00,68,32,34.2,0.596,31.5,30.79,2062
Giannis Antetokounmpo,2025-04-19 00:00:00,69,36,24.8,0.608,31.9,30.339999999999996,2098
Giannis Antetokounmpo,2025-04-22 00:00:00,70,34,33.0,0.697,32.2,31.2,2132
Giannis Antetokounmpo,2025-04-25 00:00:00,71,37,33.1,0.791,32.9,31.98,2169
Giannis Antetokounmpo,2025-04-27 00:00:00,72,28,26.1,0.564,32.6,32.37,2197
Giannis Antetokounmpo,2025-04-29 00:00:00,73,30,29.6,0.613,31.9,31.4,2227
Jalen Brunson,2024-10-22 00:00:00,1,22,12.3,0.718,22.0,12.3,22
Jalen Brunson,2024-10-25 00:00:00,2,26,20.7,0.626,24.0,16.5,48
Jalen Brunson,2024-10-28 00:00:00,3,21,10.6,0.388,23.0,14.533333333333333,69
Jalen Brunson,2024-10-30 00:00:00,4,22,17.3,0.511,22.75,15.225,91
Jalen Brunson,2024-11-01 00:00:00,5,36,28.4,0.758,25.4,17.86,127
Jalen Brunson,2024-11-04 00:00:00,6,29,21.9,0.519,26.0,18.533333333333335,156
Jalen Brunson,2024-11-06 00:00:00,7,21,10.7,0.556,25.285714285714285,17.414285714285715,177
Jalen Brunson,2024-11-08 00:00:00,8,15,14.7,0.476,24.0,17.075,192
Jalen Brunson,2024-11-10 00:00:00,9,33,28.9,0.741,25.0,18.38888888888889,225
Jalen Brunson,2024-11-12 00:00:00,10,18,8.5,0.486,24.3,17.4,243
Jalen Brunson,2024-11-13 00:00:00,11,24,16.5,0.541,24.5,17.82,267
Jalen Brunson,2024-11-15 00:00:00,12,37,28.2,0.732,25.6,18.57,304
Jalen Brunson,2024-11-17 00:00:00,13,12,8.9,0.342,24.7,18.4,316
Jalen Brunson,2024-11-18 00:00:00,14,26,27.7,0.797,25.1,19.44,342
Jalen Brunson,2024-11-20 00:00:00,15,36,29.7,0.776,25.1,19.57,378
Jalen Brunson,2024-11-23 00:00:00,16,23,16.9,0.542,24.5,19.07,401
Jalen Brunson,2024-11-25 00:00:00,17,23,26.4,0.751,24.7,20.64,424
Jalen Brunson,2024-11-27 00:00:00,18,37,31.7,0.728,26.9,22.34,461
Jalen Brunson,2024-11-29 00:00:00,19,31,24.9,0.666,26.7,21.94,492
Jalen Brunson,2024-12-01 00:00:00,20,16,13.4,0.606,26.5,22.43,508
Jalen Brunson,2024-12-03 00:00:00,21,21,13.3,0.626,26.2,22.11,529
Jalen Brunson,2024-12-05 00:00:00,22,24,24.8,1.042,24.9,21.77,553
Jalen Brunson,2024-12-07 00:00:00,23,31,22.9,0.621,26.8,23.169999999999998,584
Jalen Brunson,2024-12-09 00:00:00,24,20,18.0,0.658,26.2,22.2,604
Jalen Brunson,2024-12-11 00:00:00,25,14,12.0,0.429,24.0,20.43,618
Jalen Brunson,2024-12-15 00:00:00,26,31,22.0,0.642,24.8,20.94,649
Jalen Brunson,2024-12-19 00:00:00,27,14,10.0,0.47,23.9,19.3,663
Jalen Brunson,2024-12-21 00:00:00,28,39,33.0,0.901,24.1,19.43,702
Jalen Brunson,2024-12-23 00:00:00,29,12,4.7,0.363,22.2,17.41,714
Jalen Brunson,2024-12-25 00:00:00,30,20,14.3,0.383,22.6,17.5,734
Jalen Brunson,2024-12-27 00:00:00,31,26,21.9,0.55,23.1,18.36,760
Jalen Brunson,2024-12-28 00:00:00,32,55,43.9,0.715,26.2,20.27,815
Jalen Brunson,2024-12-30 00:00:00,33,18,12.2,0.469,24.9,19.2,833
Jalen Brunson,2025-01-03 00:00:00,34,22,13.5,0.429,25.1,18.75,855
Jalen Brunson,2025-01-04 00:00:00,35,33,30.6,0.664,27.0,20.61,888
Jalen Brunson,2025-01-06 00:00:00,36,24,11.8,0.472,26.3,19.59,912
Jalen Brunson,2025-01-08 00:00:00,37,13,11.4,0.44,26.2,19.73,925
Jalen Brunson,2025-01-10 00:00:00,38,27,17.9,0.666,25.0,18.22,952
Jalen Brunson,2025-01-12 00:00:00,39,44,37.9,0.745,28.2,21.54,996
Jalen Brunson,2025-01-13 00:00:00,40,31,22.9,0.563,29.3,22.4,1027
Jalen Brunson,2025-01-15 00:00:00,41,38,28.7,0.732,30.5,23.08,1065
Jalen Brunson,2025-01-17 00:00:00,42,26,17.5,0.516,27.6,20.44,1091
Jalen Brunson,2025-01-20 00:00:00,43,34,26.3,0.744,29.2,21.85,1125
Jalen Brunson,2025-01-21 00:00:00,44,17,7.5,0.43,28.7,21.25,1142
Jalen Brunson,2025-01-25 00:00:00,45,25,23.7,0.682,27.9,20.56,1167
Jalen Brunson,2025-01-27 00:00:00,46,20,16.9,0.672,27.5,21.07,1187
Jalen Brunson,2025-01-29 00:00:00,47,30,34.8,0.786,29.2,23.41,1217
Jalen Brunson,2025-02-01 00:00:00,48,17,4.9,0.403,28.2,22.11,1234
Jalen Brunson,2025-02-03 00:00:00,49,42,35.5,0.633,28.0,21.869999999999997,1276
Jalen Brunson,2025-02-04 00:00:00,50,28,21.2,0.571,27.7,21.7,1304
Jalen Brunson,2025-02-08 00:00:00,51,36,28.5,0.759,27.5,21.68,1340
Jalen Brunson,2025-02-11 00:00:00,52,8,2.4,0.364,25.7,20.169999999999998,1348
Jalen Brunson,2025-02-12 00:00:00,53,36,28.0,0.709,25.9,20.34,1384
Jalen Brunson,2025-02-20 00:00:00,54,22,19.1,0.483,26.4,21.5,1406
Jalen Brunson,2025-02-21 00:00:00,55,26,18.9,0.693,26.5,21.02,1432
Jalen Brunson,2025-02-23 00:00:00,56,22,13.0,0.579,26.7,20.63,1454
Jalen Brunson,2025-02-26 00:00:00,57,34,29.3,0.707,27.1,20.080000000000002,1488
Jalen Brunson,2025-02-28 00:00:00,58,23,17.9,0.491,27.7,21.380000000000003,1511
Jalen Brunson,2025-03-02 00:00:00,59,31,21.0,0.579,26.6,19.93,1542
Jalen Brunson,2025-03-04 00:00:00,60,25,17.7,0.593,26.3,19.580000000000002,1567
Jalen Brunson,2025-03-06 00:00:00,61,39,30.0,0.615,26.6,19.73,1606
Jalen Brunson,2025-04-06 00:00:00,62,15,11.1,0.56,27.3,20.6,1621
Jalen Brunson,2025-04-08 00:00:00,63,27,21.2,0.617,26.4,19.919999999999998,1648
Jalen Brunson,2025-04-10 00:00:00,64,15,7.8,0.436,25.7,18.79,1663
Jalen Brunson,2025-04-11 00:00:00,65,27,17.6,0.672,25.8,18.66,1690
Jalen Brunson,2025-04-19 00:00:00,66,34,23.1,0.541,27.0,19.669999999999998,1724
Jalen Brunson,2025-04-21 00:00:00,67,37,22.3,0.581,27.3,18.97,1761
Jalen Brunson,2025-04-24 00:00:00,68,30,25.7,0.583,28.0,19.75,1791
Jalen Brunson,2025-04-27 00:00:00,69,32,26.9,0.595,28.1,20.34,1823
Jalen Brunson,2025-04-29 00:00:00,70,16,5.8,0.392,27.2,19.15,1839
Jalen Brunson,2025-05-01 00:00:00,71,40,26.6,0.548,27.3,18.81,1879
Jalen Brunson,2025-05-05 00:00:00,72,29,17.6,0.556,28.7,19.46,1908
Jalen Brunson,2025-05-07 00:00:00,73,17,9.4,0.409,27.7,18.28,1925
Jalen Brunson,2025-05-10 00:00:00,74,27,17.4,0.561,28.9,19.240000000000002,1952
Jalen Brunson,2025-05-12 00:00:00,75,39,34.8,0.673,30.1,20.96,1991
Jalen Brunson,2025-05-14 00:00:00,76,22,12.6,0.525,28.9,19.91,2013
Jalen Brunson,2025-05-16 00:00:00,77,23,20.0,0.73,27.5,19.68,2036
Jalen Brunson,2025-05-21 00:00:00,78,43,25.5,0.69,28.8,19.66,2079
Jalen Brunson,2025-05-23 00:00:00,79,36,27.7,0.616,29.2,19.740000000000002,2115
Jalen Brunson,2025-05-25 00:00:00,80,23,9.1,0.513,29.9,20.07,2138
Jalen Brunson,2025-05-27 00:00:00,81,31,23.5,0.638,29.0,19.759999999999998,2169
Jalen Brunson,2025-05-29 00:00:00,82,32,26.1,0.81,29.3,20.61,2201
Jalen Brunson,2025-05-31 00:00:00,83,19,9.3,0.503,29.5,20.6,2220
Jayson Tatum,2024-10-22 00:00:00,1,37,38.1,0.98,37.0,38.1,37
Jayson Tatum,2024-10-24 00:00:00,2,25,21.3,0.542,31.0,29.700000000000003,62
Jayson Tatum,2024-10-26 00:00:00,3,37,25.5,0.617,33.0,28.3,99
Jayson Tatum,2024-10-28 00:00:00,4,15,9.1,0.444,28.5,23.5,114
Jayson Tatum,2024-10-30 00:00:00,5,37,27.7,0.585,30.2,24.34,151
Jayson Tatum,2024-11-01 00:00:00,6,32,25.6,0.647,30.5,24.55,183
Jayson Tatum,2024-11-02 00:00:00,7,29,18.1,0.645,30.285714285714285,23.62857142857143,212
Jayson Tatum,2024-11-04 00:00:00,8,28,26.0,0.627,30.0,23.925,240
Jayson Tatum,2024-11-06 00:00:00,9,32,20.3,0.668,30.22222222222222,23.522222222222226,272
Jayson Tatum,2024-11-08 00:00:00,10,33,24.9,0.588,30.5,23.66,305
Jayson Tatum,2024-11-10 00:00:00,11,31,19.9,0.562,29.9,21.84,336
Jayson Tatum,2024-11-12 00:00:00,12,20,14.4,0.512,29.4,21.15,356
Jayson Tatum,2024-11-13 00:00:00,13,36,34.6,0.784,29.3,22.06,392
Jayson Tatum,2024-11-16 00:00:00,14,24,19.9,0.566,30.2,23.14,416
Jayson Tatum,2024-11-19 00:00:00,15,33,26.5,0.658,29.8,23.02,449
Jayson Tatum,2024-11-22 00:00:00,16,16,11.2,0.37,28.2,21.580000000000002,465
Jayson Tatum,2024-11-24 00:00:00,17,26,18.7,0.55,27.9,21.64,491
Jayson Tatum,2024-11-25 00:00:00,18,20,15.4,0.567,27.1,20.580000000000002,511
Jayson Tatum,2024-11-29 00:00:00,19,35,32.8,0.781,27.4,21.83,546
Jayson Tatum,2024-12-01 00:00:00,20,33,23.0,0.565,27.4,21.64,579
Jayson Tatum,2024-12-02 00:00:00,21,18,6.8,0.42,26.1,20.33,597
Jayson Tatum,2024-12-06 00:00:00,22,34,28.3,0.723,27.5,21.72,631
Jayson Tatum,2024-12-07 00:00:00,23,17,13.1,0.366,25.6,19.57,648
Jayson Tatum,2024-12-15 00:00:00,24,28,14.4,0.521,26.0,19.02,676
Jayson Tatum,2024-12-19 00:00:00,25,31,24.0,0.597,25.8,18.77,707
Jayson Tatum,2024-12-21 00:00:00,26,43,39.7,0.864,28.5,21.619999999999997,750
Jayson Tatum,2024-12-25 00:00:00,27,32,28.0,0.693,29.1,22.55,782
Jayson Tatum,2024-12-27 00:00:00,28,22,22.2,0.624,29.3,23.23,804
Jayson Tatum,2024-12-29 00:00:00,29,22,20.1,0.573,28.0,21.96,826
Jayson Tatum,2024-12-31 00:00:00,30,23,16.4,0.645,27.0,21.3,849
Jayson Tatum,2025-01-02 00:00:00,31,33,27.8,0.592,28.5,23.4,882
Jayson Tatum,2025-01-03 00:00:00,32,20,12.8,0.503,27.1,21.85,902
Jayson Tatum,2025-01-05 00:00:00,33,26,19.8,0.583,28.0,22.520000000000003,928
Jayson Tatum,2025-01-07 00:00:00,34,29,22.3,0.566,28.1,23.31,957
Jayson Tatum,2025-01-10 00:00:00,35,15,5.4,0.524,26.5,21.45,972
Jayson Tatum,2025-01-12 00:00:00,36,38,25.3,0.552,26.0,20.009999999999998,1010
Jayson Tatum,2025-01-15 00:00:00,37,16,13.9,0.465,24.4,18.6,1026
Jayson Tatum,2025-01-17 00:00:00,38,30,25.2,0.672,25.2,18.9,1056
Jayson Tatum,2025-01-18 00:00:00,39,23,17.2,0.469,25.3,18.61,1079
Jayson Tatum,2025-01-20 00:00:00,40,22,17.8,0.538,25.2,18.75,1101
Jayson Tatum,2025-01-22 00:00:00,41,24,16.5,0.515,24.3,17.619999999999997,1125
Jayson Tatum,2025-01-23 00:00:00,42,16,13.0,0.531,23.9,17.64,1141
Jayson Tatum,2025-01-25 00:00:00,43,24,11.7,0.505,23.7,16.830000000000002,1165
Jayson Tatum,2025-01-27 00:00:00,44,19,15.7,0.542,22.7,16.169999999999998,1184
Jayson Tatum,2025-01-29 00:00:00,45,16,10.0,0.477,22.8,16.630000000000003,1200
Jayson Tatum,2025-01-31 00:00:00,46,27,19.9,0.582,21.7,16.09,1227
Jayson Tatum,2025-02-02 00:00:00,47,35,33.1,0.788,23.6,18.009999999999998,1262
Jayson Tatum,2025-02-04 00:00:00,48,22,16.8,0.429,22.8,17.169999999999998,1284
Jayson Tatum,2025-02-06 00:00:00,49,17,10.9,0.599,22.2,16.54,1301
Jayson Tatum,2025-02-08 00:00:00,50,40,29.4,0.668,24.0,17.7,1341
Jayson Tatum,2025-02-10 00:00:00,51,33,24.1,0.604,24.9,18.46,1374
Jayson Tatum,2025-02-12 00:00:00,52,32,24.7,0.561,26.5,19.630000000000003,1406
Jayson Tatum,2025-02-20 00:00:00,53,15,15.8,0.524,25.6,20.04,1421
Jayson Tatum,2025-02-23 00:00:00,54,25,20.3,0.552,26.2,20.5,1446
Jayson Tatum,2025-02-25 00:00:00,55,19,13.3,0.503,26.5,20.830000000000002,1465
Jayson Tatum,2025-02-26 00:00:00,56,27,17.2,0.65,26.5,20.56,1492
Jayson Tatum,2025-02-28 00:00:00,57,46,37.9,0.587,27.6,21.04,1538
Jayson Tatum,2025-03-02 00:00:00,58,16,6.9,0.432,27.0,20.05,1554
Jayson Tatum,2025-03-06 00:00:00,59,35,26.6,0.733,28.8,21.619999999999997,1589
Jayson Tatum,2025-03-08 00:00:00,60,40,32.5,0.601,28.8,21.93,1629
Jayson Tatum,2025-03-12 00:00:00,61,33,25.7,0.655,28.8,22.09,1662
Jayson Tatum,2025-03-14 00:00:00,62,28,16.4,0.581,28.4,21.259999999999998,1690
Jayson Tatum,2025-03-15 00:00:00,63,20,14.7,0.492,28.9,21.15,1710
Jayson Tatum,2025-03-21 00:00:00,64,26,15.5,0.511,29.0,20.669999999999998,1736
Jayson Tatum,2025-03-23 00:00:00,65,30,26.0,0.554,30.1,21.94,1766
Jayson Tatum,2025-03-24 00:00:00,66,25,20.4,0.675,29.9,22.259999999999998,1791
Jayson Tatum,2025-03-29 00:00:00,67,29,25.9,0.578,28.2,21.06,1820
Jayson Tatum,2025-03-31 00:00:00,68,25,15.3,0.494,29.1,21.9,1845
Jayson Tatum,2025-04-02 00:00:00,69,16,8.9,0.398,27.2,20.13,1861
Jayson Tatum,2025-04-04 00:00:00,70,23,20.5,0.569,25.5,18.93,1884
Jayson Tatum,2025-04-08 00:00:00,71,32,24.7,0.627,25.4,18.83,1916
Jayson Tatum,2025-04-11 00:00:00,72,16,13.3,0.459,24.2,18.52,1932
Jayson Tatum,2025-04-20 00:00:00,73,17,11.1,0.358,23.9,18.16,1949
Jayson Tatum,2025-04-25 00:00:00,74,36,25.2,0.66,24.9,19.130000000000003,1985
Jayson Tatum,2025-04-27 00:00:00,75,37,30.8,0.594,25.6,19.61,2022
Jayson Tatum,2025-04-29 00:00:00,76,35,35.4,0.84,26.6,21.11,2057
Jayson Tatum,2025-05-05 00:00:00,77,23,14.8,0.441,26.0,20.0,2080
Jayson Tatum,2025-05-07 00:00:00,78,13,9.7,0.327,24.8,19.44,2093
Jayson Tatum,2025-05-10 00:00:00,79,22,16.6,0.538,25.4,20.21,2115
Jayson Tatum,2025-05-12 00:00:00,80,42,34.2,0.716,27.3,21.580000000000002,2157
Kevin Durant,2024-10-23 00:00:00,1,25,12.7,0.596,25.0,12.7,25
Kevin Durant,2024-10-25 00:00:00,2,30,24.0,0.747,27.5,18.35,55
Kevin Durant,2024-10-26 00:00:00,3,31,24.3,0.621,28.666666666666668,20.333333333333332,86
Kevin Durant,2024-10-28 00:00:00,4,30,25.2,0.65,29.0,21.55,116
Kevin Durant,2024-10-31 00:00:00,5,18,13.6,0.628,26.8,19.96,134
Kevin Durant,2024-11-02 00:00:00,6,21,13.3,0.577,25.833333333333332,18.849999999999998,155
Kevin Durant,2024-11-04 00:00:00,7,35,28.9,0.788,27.142857142857142,20.285714285714285,190
Kevin Durant,2024-11-06 00:00:00,8,32,20.5,0.658,27.75,20.3125,222
Kevin Durant,2024-11-08 00:00:00,9,26,24.7,0.761,27.555555555555557,20.799999999999997,248
Kevin Durant,2024-11-26 00:00:00,10,23,17.5,0.643,27.1,20.47,271
Kevin Durant,2024-11-27 00:00:00,11,30,17.9,0.67,27.6,20.990000000000002,301
Kevin Durant,2024-11-30 00:00:00,12,21,12.8,0.464,26.7,19.869999999999997,322
Kevin Durant,2024-12-03 00:00:00,13,13,8.6,0.732,24.9,18.3,335
Kevin Durant,2024-12-13 00:00:00,14,30,27.7,0.673,24.9,18.55,365
Kevin Durant,2024-12-15 00:00:00,15,20,13.7,0.419,25.1,18.56,385
Kevin Durant,2024-12-19 00:00:00,16,37,26.1,0.624,26.7,19.84,422
Kevin Durant,2024-12-21 00:00:00,17,43,28.9,0.697,27.5,19.84,465
Kevin Durant,2024-12-23 00:00:00,18,23,19.5,0.652,26.6,19.740000000000002,488
Kevin Durant,2024-12-25 00:00:00,19,27,20.8,0.451,26.7,19.35,515
Kevin Durant,2024-12-27 00:00:00,20,35,24.8,0.721,27.9,20.080000000000002,550
Kevin Durant,2024-12-28 00:00:00,21,31,16.1,0.529,28.0,19.9,581
Kevin Durant,2024-12-31 00:00:00,22,29,25.5,0.657,28.8,21.169999999999998,610
Kevin Durant,2025-01-04 00:00:00,23,25,21.1,0.751,30.0,22.419999999999998,635
Kevin Durant,2025-01-06 00:00:00,24,23,20.0,0.751,29.3,21.65,658
Kevin Durant,2025-01-07 00:00:00,25,26,17.7,0.58,29.9,22.05,684
Kevin Durant,2025-01-09 00:00:00,26,23,19.9,0.686,28.5,21.43,707
Kevin Durant,2025-01-11 00:00:00,27,25,17.7,0.615,26.7,20.31,732
Kevin Durant,2025-01-12 00:00:00,28,27,18.5,0.533,27.1,20.21,759
Kevin Durant,2025-01-14 00:00:00,29,31,28.8,0.672,27.5,21.009999999999998,790
Kevin Durant,2025-01-16 00:00:00,30,23,18.1,0.589,26.3,20.34,813
Kevin Durant,2025-01-18 00:00:00,31,36,27.6,0.558,26.8,21.490000000000002,849
Kevin Durant,2025-01-20 00:00:00,32,23,15.8,0.648,26.2,20.52,872
Kevin Durant,2025-01-22 00:00:00,33,24,21.3,0.716,26.1,20.54,896
Kevin Durant,2025-01-25 00:00:00,34,29,23.4,0.729,26.7,20.880000000000003,925
Kevin Durant,2025-01-27 00:00:00,35,24,15.6,0.604,26.5,20.669999999999998,949
Kevin Durant,2025-01-29 00:00:00,36,33,33.6,0.795,27.5,22.04,982
Kevin Durant,2025-01-31 00:00:00,37,19,15.3,0.644,26.9,21.8,1001
Kevin Durant,2025-02-01 00:00:00,38,22,11.6,0.569,26.4,21.11,1023
Kevin Durant,2025-02-03 00:00:00,39,27,18.9,0.571,26.0,20.119999999999997,1050
Kevin Durant,2025-02-11 00:00:00,40,34,30.3,0.759,27.1,21.34,1084
Kevin Durant,2025-02-12 00:00:00,41,37,28.4,0.764,27.2,21.419999999999998,1121
Kevin Durant,2025-02-20 00:00:00,42,22,18.0,0.793,27.1,21.64,1143
Kevin Durant,2025-02-22 00:00:00,43,27,25.3,0.765,27.4,22.04,1170
Kevin Durant,2025-02-23 00:00:00,44,15,12.0,0.415,26.0,20.9,1185
Kevin Durant,2025-02-25 00:00:00,45,26,19.8,0.589,26.2,21.32,1211
Kevin Durant,2025-02-27 00:00:00,46,28,18.5,0.609,25.7,19.81,1239
Kevin Durant,2025-02-28 00:00:00,47,17,17.8,0.814,25.5,20.06,1256
Kevin Durant,2025-03-02 00:00:00,48,26,15.1,0.498,25.9,20.41,1282
Kevin Durant,2025-03-04 00:00:00,49,34,27.1,0.644,26.6,21.23,1316
Kevin Durant,2025-03-07 00:00:00,50,29,24.2,0.76,26.1,20.619999999999997,1345
Kevin Durant,2025-03-09 00:00:00,51,21,17.1,0.626,24.5,19.490000000000002,1366
Kevin Durant,2025-03-10 00:00:00,52,35,24.5,0.657,25.8,20.14,1401
Kevin Durant,2025-03-12 00:00:00,53,19,11.8,0.738,25.0,18.79,1420
Kevin Durant,2025-03-14 00:00:00,54,22,18.9,0.656,25.7,19.48,1442
Kevin Durant,2025-03-16 00:00:00,55,21,8.2,0.491,25.2,18.32,1463
Kevin Durant,2025-03-17 00:00:00,56,14,10.7,0.841,23.8,17.54,1477
Kevin Durant,2025-03-19 00:00:00,57,26,23.7,0.702,24.7,18.130000000000003,1503
Kevin Durant,2025-03-21 00:00:00,58,42,33.2,0.683,26.3,19.94,1545
Kevin Durant,2025-03-24 00:00:00,59,38,29.1,0.748,26.7,20.14,1583
Kevin Durant,2025-03-26 00:00:00,60,30,23.1,0.824,26.8,20.03,1613
Kevin Durant,2025-03-28 00:00:00,61,23,14.7,0.531,27.0,19.79,1636
Kevin Durant,2025-03-30 00:00:00,62,11,8.1,0.5,24.6,18.15,1647
Kyrie Irving,2024-10-24 00:00:00,1,15,10.5,0.441,15.0,10.5,15
Kyrie Irving,2024-10-26 00:00:00,2,22,14.7,0.481,18.5,12.6,37
Kyrie Irving,2024-10-28 00:00:00,3,23,22.2,0.73,20.0,15.799999999999999,60
Kyrie Irving,2024-10-29 00:00:00,4,35,27.6,0.694,23.75,18.75,95
Kyrie Irving,2024-10-31 00:00:00,5,28,23.1,0.657,24.6,19.619999999999997,123
Kyrie Irving,2024-11-03 00:00:00,6,17,13.8,0.604,23.333333333333332,18.650000000000002,140
Kyrie Irving,2024-11-04 00:00:00,7,27,18.6,0.617,23.857142857142858,18.642857142857142,167
Kyrie Irving,2024-11-06 00:00:00,8,17,17.3,0.715,23.0,18.475,184
Kyrie Irving,2024-11-08 00:00:00,9,29,28.0,0.692,23.666666666666668,19.533333333333335,213
Kyrie Irving,2024-11-10 00:00:00,10,43,39.7,0.922,25.6,21.55,256
Kyrie Irving,2024-11-12 00:00:00,11,21,13.2,0.691,26.2,21.82,277
Kyrie Irving,2024-11-16 00:00:00,12,22,19.9,0.674,26.2,22.34,299
Kyrie Irving,2024-11-17 00:00:00,13,23,17.1,0.609,26.2,21.830000000000002,322
Kyrie Irving,2024-11-19 00:00:00,14,18,16.9,0.758,24.5,20.759999999999998,340
Kyrie Irving,2024-11-22 00:00:00,15,19,12.4,0.458,23.6,19.69,359
Kyrie Irving,2024-11-24 00:00:00,16,27,16.3,0.561,24.6,19.94,386
Kyrie Irving,2024-11-25 00:00:00,17,32,19.7,0.538,25.1,20.05,418
Kyrie Irving,2024-11-27 00:00:00,18,23,16.4,0.548,25.7,19.96,441
Kyrie Irving,2024-11-30 00:00:00,19,30,26.7,0.58,25.8,19.830000000000002,471
Kyrie Irving,2024-12-03 00:00:00,20,10,1.2,0.317,22.5,15.979999999999999,481
Kyrie Irving,2024-12-05 00:00:00,21,25,19.9,0.722,22.9,16.65,506
Kyrie Irving,2024-12-07 00:00:00,22,29,26.3,0.895,23.6,17.29,535
Kyrie Irving,2024-12-10 00:00:00,23,17,13.0,0.607,23.0,16.88,552
Kyrie Irving,2024-12-15 00:00:00,24,21,17.5,0.577,23.3,16.94,573
Kyrie Irving,2024-12-21 00:00:00,25,15,4.0,0.295,22.9,16.1,588
Kyrie Irving,2024-12-23 00:00:00,26,20,17.0,0.635,22.2,16.169999999999998,608
Kyrie Irving,2024-12-25 00:00:00,27,39,27.3,0.658,22.9,16.93,647
Kyrie Irving,2024-12-27 00:00:00,28,20,6.8,0.448,22.6,15.969999999999999,667
Kyrie Irving,2024-12-28 00:00:00,29,46,34.9,0.768,24.2,16.79,713
Kyrie Irving,2025-01-01 00:00:00,30,16,11.6,0.559,24.8,17.830000000000002,729
Kyrie Irving,2025-01-14 00:00:00,31,11,5.9,0.278,23.4,16.43,740
Kyrie Irving,2025-01-17 00:00:00,32,25,17.9,0.602,23.0,15.59,765
Kyrie Irving,2025-01-20 00:00:00,33,33,23.7,0.59,24.6,16.66,798
Kyrie Irving,2025-01-22 00:00:00,34,36,29.4,0.734,26.1,17.85,834
Kyrie Irving,2025-01-23 00:00:00,35,24,17.4,0.64,27.0,19.19,858
Kyrie Irving,2025-01-25 00:00:00,36,22,12.3,0.478,27.2,18.72,880
Kyrie Irving,2025-01-27 00:00:00,37,13,10.7,0.604,24.6,17.06,893
Kyrie Irving,2025-01-29 00:00:00,38,25,21.8,0.56,25.1,18.56,918
Kyrie Irving,2025-01-31 00:00:00,39,28,17.8,0.537,23.3,16.85,946
Kyrie Irving,2025-02-04 00:00:00,40,34,27.9,0.658,25.1,18.479999999999997,980
Kyrie Irving,2025-02-06 00:00:00,41,19,14.6,0.531,25.9,19.35,999
Kyrie Irving,2025-02-08 00:00:00,42,13,11.3,0.368,24.7,18.69,1012
Kyrie Irving,2025-02-10 00:00:00,43,30,25.7,0.534,24.4,18.89,1042
Kyrie Irving,2025-02-12 00:00:00,44,42,30.2,0.772,25.0,18.97,1084
Kyrie Irving,2025-02-21 00:00:00,45,35,25.9,0.686,26.1,19.82,1119
Kyrie Irving,2025-02-23 00:00:00,46,17,13.5,0.45,25.6,19.94,1136
Kyrie Irving,2025-02-25 00:00:00,47,35,26.2,0.59,27.8,21.490000000000002,1171
Kyrie Irving,2025-02-27 00:00:00,48,25,19.4,0.511,27.8,21.25,1196
Kyrie Irving,2025-03-01 00:00:00,49,31,22.3,0.557,28.1,21.7,1227
LaMelo Ball,2024-10-23 00:00:00,1,34,33.0,0.697,34.0,33.0,34
LaMelo Ball,2024-10-25 00:00:00,2,34,17.6,0.751,34.0,25.3,68
LaMelo Ball,2024-10-26 00:00:00,3,27,16.9,0.529,31.666666666666668,22.5,95
LaMelo Ball,2024-10-30 00:00:00,4,19,7.3,0.465,28.5,18.7,114
LaMelo Ball,2024-11-01 00:00:00,5,31,15.9,0.589,29.0,18.14,145
LaMelo Ball,2024-11-02 00:00:00,6,36,24.6,0.692,30.166666666666668,19.216666666666665,181
LaMelo Ball,2024-11-04 00:00:00,7,19,6.9,0.525,28.571428571428573,17.45714285714286,200
LaMelo Ball,2024-11-06 00:00:00,8,25,19.9,0.543,28.125,17.7625,225
LaMelo Ball,2024-11-08 00:00:00,9,31,20.5,0.477,28.444444444444443,18.066666666666666,256
LaMelo Ball,2024-11-10 00:00:00,10,38,23.8,0.574,29.4,18.64,294
LaMelo Ball,2024-11-12 00:00:00,11,35,24.2,0.618,29.5,17.759999999999998,329
LaMelo Ball,2024-11-16 00:00:00,12,26,18.9,0.523,28.7,17.89,355
LaMelo Ball,2024-11-17 00:00:00,13,31,17.8,0.504,29.1,17.98,386
LaMelo Ball,2024-11-19 00:00:00,14,12,4.0,0.419,28.4,17.65,398
LaMelo Ball,2024-11-21 00:00:00,15,35,25.6,0.573,28.8,18.619999999999997,433
LaMelo Ball,2024-11-23 00:00:00,16,50,33.3,0.572,30.2,19.490000000000002,483
LaMelo Ball,2024-11-25 00:00:00,17,44,29.7,0.656,32.7,21.77,527
LaMelo Ball,2024-11-27 00:00:00,18,32,11.6,0.43,33.4,20.94,559
LaMelo Ball,2024-12-16 00:00:00,19,15,14.7,0.447,31.8,20.36,574
LaMelo Ball,2024-12-19 00:00:00,20,34,28.1,0.467,31.4,20.79,608
LaMelo Ball,2024-12-23 00:00:00,21,23,21.8,0.639,30.2,20.55,631
LaMelo Ball,2024-12-26 00:00:00,22,31,18.1,0.547,30.7,20.47,662
LaMelo Ball,2025-01-05 00:00:00,23,24,11.9,0.501,30.0,19.880000000000003,686
LaMelo Ball,2025-01-07 00:00:00,24,32,28.1,0.53,32.0,22.29,718
LaMelo Ball,2025-01-12 00:00:00,25,25,20.5,0.483,31.0,21.78,743
LaMelo Ball,2025-01-15 00:00:00,26,27,19.3,0.605,28.7,20.380000000000003,770
LaMelo Ball,2025-01-17 00:00:00,27,26,19.5,0.526,26.9,19.36,796
LaMelo Ball,2025-01-20 00:00:00,28,23,18.0,0.505,26.0,20.0,819
LaMelo Ball,2025-01-22 00:00:00,29,22,15.0,0.486,26.7,20.03,841
LaMelo Ball,2025-01-25 00:00:00,30,25,17.3,0.529,25.8,18.95,866
LaMelo Ball,2025-02-07 00:00:00,32,24,13.8,0.446,25.9,18.15,890
LaMelo Ball,2025-02-10 00:00:00,33,5,5.7,0.5,23.3,16.91,895
LaMelo Ball,2025-02-19 00:00:00,34,27,20.6,0.65,23.6,17.78,922
LaMelo Ball,2025-02-22 00:00:00,35,5,0.9,0.213,20.9,15.059999999999999,927
LaMelo Ball,2025-02-24 00:00:00,36,13,10.8,0.416,19.7,14.09,940
LaMelo Ball,2025-03-01 00:00:00,37,20,6.5,0.514,19.0,12.809999999999999,960
LaMelo Ball,2025-03-03 00:00:00,38,25,14.8,0.51,18.9,12.34,985
LaMelo Ball,2025-03-05 00:00:00,39,28,14.4,0.485,19.4,11.98,1013
LaMelo Ball,2025-03-07 00:00:00,40,13,8.3,0.468,18.5,11.31,1026
LaMelo Ball,2025-03-10 00:00:00,41,15,8.1,0.336,17.5,10.39,1041
LaMelo Ball,2025-03-12 00:00:00,42,25,18.9,0.492,17.6,10.9,1066
LaMelo Ball,2025-03-14 00:00:00,43,27,30.3,0.973,19.8,13.36,1093
LaMelo Ball,2025-03-16 00:00:00,44,16,3.9,0.396,18.7,11.690000000000001,1109
LaMelo Ball,2025-03-20 00:00:00,45,25,17.2,0.543,20.7,13.319999999999999,1134
LaMelo Ball,2025-03-23 00:00:00,46,18,11.9,0.434,21.2,13.430000000000001,1152
LaMelo Ball,2025-03-25 00:00:00,47,25,19.7,0.847,21.7,14.75,1177
Nikola Jokić,2024-10-24 00:00:00,1,16,21.7,0.542,16.0,21.7,16
Nikola Jokić,2024-10-26 00:00:00,2,41,31.2,0.694,28.5,26.45,57
Nikola Jokić,2024-10-28 00:00:00,3,40,33.5,0.717,32.333333333333336,28.8,97
Nikola Jokić,2024-10-29 00:00:00,4,29,38.1,0.668,31.5,31.125,126
Nikola Jokić,2024-11-01 00:00:00,5,26,30.1,0.637,30.4,30.919999999999998,152
Nikola Jokić,2024-11-02 00:00:00,6,27,27.1,0.683,29.833333333333332,30.28333333333333,179
Nikola Jokić,2024-11-04 00:00:00,7,28,26.1,0.549,29.571428571428573,29.685714285714287,207
Nikola Jokić,2024-11-06 00:00:00,8,23,29.4,0.508,28.75,29.65,230
Nikola Jokić,2024-11-08 00:00:00,9,30,35.4,0.933,28.88888888888889,30.28888888888889,260
Nikola Jokić,2024-11-10 00:00:00,10,37,44.8,0.754,29.7,31.74,297
Nikola Jokić,2024-11-22 00:00:00,11,33,33.5,0.658,31.4,32.92,330
Nikola Jokić,2024-11-23 00:00:00,12,34,30.2,0.723,30.7,32.82,364
Nikola Jokić,2024-11-25 00:00:00,13,22,20.4,0.527,28.9,31.51,386
Nikola Jokić,2024-11-27 00:00:00,14,30,30.9,0.738,29.0,30.79,416
Nikola Jokić,2024-12-01 00:00:00,15,28,23.8,0.543,29.2,30.160000000000004,444
Nikola Jokić,2024-12-03 00:00:00,16,38,35.3,0.68,30.3,30.98,482
Nikola Jokić,2024-12-05 00:00:00,17,27,27.7,0.511,30.2,31.139999999999997,509
Nikola Jokić,2024-12-07 00:00:00,18,56,43.1,0.626,33.5,32.51,565
Nikola Jokić,2024-12-08 00:00:00,19,48,43.9,0.691,35.3,33.36,613
Nikola Jokić,2024-12-13 00:00:00,20,16,11.0,0.743,33.2,29.98,629
Nikola Jokić,2024-12-16 00:00:00,21,20,21.3,0.482,31.9,28.76,649
Nikola Jokić,2024-12-19 00:00:00,22,34,30.4,0.86,31.9,28.78,683
Nikola Jokić,2024-12-22 00:00:00,23,27,25.0,0.608,32.4,29.24,710
Nikola Jokić,2024-12-23 00:00:00,24,32,28.6,0.833,32.6,29.01,742
Nikola Jokić,2024-12-25 00:00:00,25,25,22.8,0.602,32.3,28.910000000000004,767
Nikola Jokić,2024-12-27 00:00:00,26,27,34.2,0.65,31.2,28.8,794
Nikola Jokić,2024-12-28 00:00:00,27,37,33.4,0.799,32.2,29.369999999999997,831
Nikola Jokić,2024-12-30 00:00:00,28,36,37.2,0.505,30.2,28.78,867
Nikola Jokić,2025-01-01 00:00:00,29,23,29.7,0.617,27.7,27.360000000000003,890
Nikola Jokić,2025-01-03 00:00:00,30,41,33.5,0.513,30.2,29.610000000000003,931
Nikola Jokić,2025-01-04 00:00:00,31,46,40.2,0.611,32.8,31.5,977
Nikola Jokić,2025-01-10 00:00:00,32,35,43.8,0.714,32.9,32.839999999999996,1012
Nikola Jokić,2025-01-12 00:00:00,33,19,22.2,0.56,32.1,32.56,1031
Nikola Jokić,2025-01-14 00:00:00,34,10,18.1,0.635,29.9,31.51,1041
Nikola Jokić,2025-01-17 00:00:00,35,24,29.2,0.845,29.8,32.15,1065
Nikola Jokić,2025-01-19 00:00:00,36,20,30.8,0.828,29.1,31.810000000000002,1085
Nikola Jokić,2025-01-21 00:00:00,37,27,35.7,0.785,28.1,32.04,1112
Nikola Jokić,2025-01-23 00:00:00,38,35,45.2,0.748,28.0,32.839999999999996,1147
Nikola Jokić,2025-01-25 00:00:00,39,20,16.1,0.744,27.7,31.48,1167
Nikola Jokić,2025-01-27 00:00:00,40,33,35.8,0.754,26.9,31.71,1200
Nikola Jokić,2025-01-29 00:00:00,41,17,14.4,0.535,24.0,29.130000000000003,1217
Nikola Jokić,2025-01-31 00:00:00,42,28,28.2,0.769,23.3,27.57,1245
Nikola Jokić,2025-02-01 00:00:00,43,28,35.4,0.668,24.2,28.889999999999997,1273
Nikola Jokić,2025-02-03 00:00:00,44,27,32.9,0.776,25.9,30.369999999999997,1300
Nikola Jokić,2025-02-05 00:00:00,45,38,34.1,0.648,27.3,30.860000000000003,1338
Nikola Jokić,2025-02-06 00:00:00,46,28,30.0,0.751,28.1,30.78,1366
Nikola Jokić,2025-02-08 00:00:00,47,26,28.9,0.908,28.0,30.1,1392
Nikola Jokić,2025-02-10 00:00:00,48,40,36.6,0.784,28.5,29.24,1432
Nikola Jokić,2025-02-12 00:00:00,49,26,25.5,0.597,29.1,30.18,1458
Nikola Jokić,2025-02-20 00:00:00,50,29,29.9,0.634,28.7,29.589999999999996,1487
Nikola Jokić,2025-02-22 00:00:00,51,12,13.4,0.526,28.2,29.49,1499
Nikola Jokić,2025-02-24 00:00:00,52,18,27.1,0.643,27.2,29.380000000000003,1517
Nikola Jokić,2025-02-27 00:00:00,53,32,31.2,0.839,27.6,28.96,1549
Nikola Jokić,2025-02-28 00:00:00,54,23,26.8,0.666,27.2,28.35,1572
Nikola Jokić,2025-03-02 00:00:00,55,20,24.0,0.667,25.4,27.339999999999996,1592
Nikola Jokić,2025-03-05 00:00:00,56,22,15.7,0.533,24.8,25.910000000000004,1614
Nikola Jokić,2025-03-07 00:00:00,57,31,41.5,0.665,25.3,27.169999999999998,1645
Nikola Jokić,2025-03-09 00:00:00,58,24,21.2,0.468,23.7,25.630000000000003,1669
Nikola Jokić,2025-03-10 00:00:00,59,35,37.5,0.788,24.6,26.830000000000002,1704
Nikola Jokić,2025-03-12 00:00:00,60,34,25.5,0.641,25.1,26.389999999999997,1738
Nikola Jokić,2025-03-14 00:00:00,61,28,21.7,0.596,26.7,27.22,1766
Nikola Jokić,2025-03-15 00:00:00,62,40,35.0,0.605,28.9,28.01,1806
Nikola Jokić,2025-03-26 00:00:00,63,39,33.7,0.694,29.6,28.26,1845
Nikola Jokić,2025-03-28 00:00:00,64,27,28.2,0.58,30.0,28.4,1872
Nikola Jokić,2025-04-01 00:00:00,65,61,52.7,0.771,34.1,31.27,1933
Nikola Jokić,2025-04-04 00:00:00,66,33,32.2,0.901,35.2,32.92,1966
Nikola Jokić,2025-04-06 00:00:00,67,41,38.2,0.597,36.2,32.59,2007
Nikola Jokić,2025-04-09 00:00:00,68,20,28.3,0.61,35.8,33.3,2027
Nikola Jokić,2025-04-11 00:00:00,69,26,26.4,0.589,34.9,32.190000000000005,2053
Nikola Jokić,2025-04-13 00:00:00,70,18,21.3,0.827,33.3,31.77,2071
Nikola Jokić,2025-04-19 00:00:00,71,29,27.4,0.544,33.4,32.34,2100
Nikola Jokić,2025-04-21 00:00:00,72,26,23.1,0.637,32.0,31.15,2126
Nikola Jokić,2025-04-24 00:00:00,73,23,28.4,0.73,30.4,30.619999999999997,2149
Nikola Jokić,2025-04-26 00:00:00,74,36,36.7,0.651,31.3,31.47,2185
Nikola Jokić,2025-04-29 00:00:00,75,13,16.9,0.428,26.5,27.889999999999997,2198
Nikola Jokić,2025-05-01 00:00:00,76,25,20.2,0.546,25.7,26.689999999999998,2223
Nikola Jokić,2025-05-03 00:00:00,77,16,13.5,0.508,23.2,24.22,2239
Nikola Jokić,2025-05-05 00:00:00,78,42,32.7,0.605,25.4,24.66,2281
Nikola Jokić,2025-05-07 00:00:00,79,17,8.5,0.467,24.5,22.869999999999997,2298
Nikola Jokić,2025-05-09 00:00:00,80,20,10.1,0.374,24.7,21.75,2318
Nikola Jokić,2025-05-11 00:00:00,81,27,19.6,0.479,24.5,20.970000000000002,2345
Nikola Jokić,2025-05-13 00:00:00,82,44,42.1,0.809,26.3,22.87,2389
Nikola Jokić,2025-05-15 00:00:00,83,29,32.3,0.752,26.9,23.259999999999998,2418
Nikola Jokić,2025-05-18 00:00:00,84,20,16.7,0.723,25.3,21.259999999999998,2438
Paolo Banchero,2024-10-23 00:00:00,1,33,28.5,0.619,33.0,28.5,33
Paolo Banchero,2024-10-25 00:00:00,2,15,13.9,0.42,24.0,21.2,48
Paolo Banchero,2024-10-26 00:00:00,3,16,9.0,0.451,21.333333333333332,17.133333333333333,64
Paolo Banchero,2024-10-28 00:00:00,4,50,44.0,0.701,28.5,23.85,114
Paolo Banchero,2024-10-30 00:00:00,5,31,19.7,0.618,29.0,23.02,145
Paolo Banchero,2025-01-10 00:00:00,6,34,26.0,0.669,29.833333333333332,23.516666666666666,179
Paolo Banchero,2025-01-12 00:00:00,7,20,16.9,0.779,28.428571428571427,22.571428571428573,199
Paolo Banchero,2025-01-15 00:00:00,8,22,6.6,0.495,27.625,20.575,221
Paolo Banchero,2025-01-17 00:00:00,9,21,11.0,0.455,26.88888888888889,19.51111111111111,242
Paolo Banchero,2025-01-19 00:00:00,10,10,8.1,0.289,25.2,18.369999999999997,252
Paolo Banchero,2025-01-21 00:00:00,11,26,13.8,0.589,24.5,16.9,278
Paolo Banchero,2025-01-23 00:00:00,12,8,1.1,0.228,23.8,15.62,286
Paolo Banchero,2025-01-25 00:00:00,13,32,22.4,0.568,25.4,16.96,318
Paolo Banchero,2025-01-27 00:00:00,14,17,4.8,0.381,22.1,13.040000000000001,335
Paolo Banchero,2025-01-30 00:00:00,15,21,10.0,0.432,21.1,12.07,356
Paolo Banchero,2025-02-01 00:00:00,16,9,1.0,0.221,18.6,9.57,365
Paolo Banchero,2025-02-03 00:00:00,17,18,6.9,0.368,18.4,8.57,383
Paolo Banchero,2025-02-05 00:00:00,18,23,20.6,0.669,18.5,9.97,406
Paolo Banchero,2025-02-06 00:00:00,19,18,15.5,0.514,18.2,10.42,424
Paolo Banchero,2025-02-08 00:00:00,20,17,9.1,0.453,18.9,10.52,441
Paolo Banchero,2025-02-10 00:00:00,21,31,19.3,0.607,19.4,11.07,472
Paolo Banchero,2025-02-12 00:00:00,22,24,20.1,0.541,21.0,12.969999999999999,496
Paolo Banchero,2025-02-20 00:00:00,23,36,24.8,0.562,21.4,13.209999999999999,532
Paolo Banchero,2025-02-21 00:00:00,24,21,8.4,0.393,21.8,13.570000000000002,553
Paolo Banchero,2025-02-23 00:00:00,25,19,15.3,0.595,21.6,14.1,572
Paolo Banchero,2025-02-25 00:00:00,26,26,17.4,0.501,23.3,15.74,598
Paolo Banchero,2025-02-27 00:00:00,27,41,28.0,0.672,25.6,17.85,639
Paolo Banchero,2025-03-02 00:00:00,28,23,18.8,0.737,25.6,17.669999999999998,662
Paolo Banchero,2025-03-04 00:00:00,29,41,41.1,0.84,27.9,20.23,703
Paolo Banchero,2025-03-06 00:00:00,30,20,13.3,0.504,28.2,20.65,723
Paolo Banchero,2025-03-08 00:00:00,31,29,20.8,0.711,28.0,20.8,752
Paolo Banchero,2025-03-10 00:00:00,32,25,17.2,0.505,28.1,20.509999999999998,777
Paolo Banchero,2025-03-13 00:00:00,33,34,33.2,0.743,27.9,21.35,811
Paolo Banchero,2025-03-14 00:00:00,34,43,29.9,0.584,30.1,23.5,854
Paolo Banchero,2025-03-16 00:00:00,35,24,18.5,0.447,30.6,23.82,878
Paolo Banchero,2025-03-19 00:00:00,36,31,24.2,0.632,31.1,24.5,909
Paolo Banchero,2025-03-21 00:00:00,37,30,23.9,0.609,30.0,24.09,939
Paolo Banchero,2025-03-24 00:00:00,38,30,19.6,0.673,30.7,24.169999999999998,969
Paolo Banchero,2025-03-25 00:00:00,39,32,23.3,0.601,29.8,22.39,1001
Paolo Banchero,2025-03-27 00:00:00,40,35,23.9,0.666,31.3,23.45,1036
Paolo Banchero,2025-03-29 00:00:00,41,24,18.7,0.503,30.8,23.240000000000002,1060
Paolo Banchero,2025-03-31 00:00:00,42,26,10.7,0.482,30.9,22.59,1086
Paolo Banchero,2025-04-01 00:00:00,43,24,14.5,0.508,29.9,20.72,1110
Paolo Banchero,2025-04-03 00:00:00,44,33,28.7,0.581,28.9,20.6,1143
Paolo Banchero,2025-04-08 00:00:00,45,33,21.7,0.581,29.8,20.919999999999998,1176
Paolo Banchero,2025-04-09 00:00:00,46,15,9.9,0.419,28.2,19.490000000000002,1191
Paolo Banchero,2025-04-15 00:00:00,47,17,13.8,0.476,26.9,18.48,1208
Paolo Banchero,2025-04-20 00:00:00,48,36,26.9,0.607,27.5,19.21,1244
Paolo Banchero,2025-04-23 00:00:00,49,32,25.5,0.536,27.5,19.43,1276
Paolo Banchero,2025-04-25 00:00:00,50,29,14.8,0.508,26.9,18.52,1305
Paolo Banchero,2025-04-27 00:00:00,51,31,11.9,0.431,27.6,17.84,1336
Paolo Banchero,2025-04-29 00:00:00,52,19,12.8,0.525,26.9,18.05,1355
Shai Gilgeous-Alexander,2024-10-24 00:00:00,1,28,25.0,0.534,28.0,25.0,28
Shai Gilgeous-Alexander,2024-10-26 00:00:00,2,23,19.1,0.515,25.5,22.05,51
Shai Gilgeous-Alexander,2024-10-27 00:00:00,3,35,35.5,0.607,28.666666666666668,26.53333333333333,86
Shai Gilgeous-Alexander,2024-10-30 00:00:00,4,18,11.1,0.431,26.0,22.675,104
Shai Gilgeous-Alexander,2024-11-01 00:00:00,5,30,26.1,0.727,26.8,23.36,134
Shai Gilgeous-Alexander,2024-11-02 00:00:00,6,25,22.1,0.696,26.5,23.150000000000002,159
Shai Gilgeous-Alexander,2024-11-04 00:00:00,7,21,16.5,0.591,25.714285714285715,22.2,180
Shai Gilgeous-Alexander,2024-11-06 00:00:00,8,28,16.0,0.598,26.0,21.425,208
Shai Gilgeous-Alexander,2024-11-08 00:00:00,9,29,24.4,0.76,26.333333333333332,21.755555555555556,237
Shai Gilgeous-Alexander,2024-11-10 00:00:00,10,24,15.1,0.518,26.1,21.09,261
Shai Gilgeous-Alexander,2024-11-11 00:00:00,11,45,46.5,0.802,27.8,23.240000000000002,306
Shai Gilgeous-Alexander,2024-11-13 00:00:00,12,29,22.3,0.551,28.4,23.56,335
Shai Gilgeous-Alexander,2024-11-15 00:00:00,13,28,18.6,0.523,27.7,21.869999999999997,363
Shai Gilgeous-Alexander,2024-11-17 00:00:00,14,36,35.3,0.755,29.5,24.29,399
Shai Gilgeous-Alexander,2024-11-19 00:00:00,15,32,26.3,0.707,29.7,24.31,431
Shai Gilgeous-Alexander,2024-11-20 00:00:00,16,28,23.5,0.556,30.0,24.45,459
Shai Gilgeous-Alexander,2024-11-25 00:00:00,17,37,28.7,0.745,31.6,25.669999999999998,496
Shai Gilgeous-Alexander,2024-11-27 00:00:00,18,35,23.4,0.54,32.3,26.410000000000004,531
Shai Gilgeous-Alexander,2024-11-29 00:00:00,19,36,29.0,0.571,33.0,26.869999999999997,567
Shai Gilgeous-Alexander,2024-12-01 00:00:00,20,32,27.8,0.671,33.8,28.139999999999997,599
Shai Gilgeous-Alexander,2024-12-03 00:00:00,21,26,25.6,0.654,31.9,26.05,625
Shai Gilgeous-Alexander,2024-12-05 00:00:00,22,30,23.9,0.588,32.0,26.21,655
Shai Gilgeous-Alexander,2024-12-07 00:00:00,23,31,19.0,0.666,32.3,26.25,686
Shai Gilgeous-Alexander,2024-12-10 00:00:00,24,39,35.3,0.788,32.6,26.25,725
Shai Gilgeous-Alexander,2024-12-14 00:00:00,25,32,30.2,0.58,32.6,26.639999999999997,757
Shai Gilgeous-Alexander,2024-12-17 00:00:00,26,21,7.4,0.408,31.9,25.029999999999998,778
Shai Gilgeous-Alexander,2024-12-19 00:00:00,27,35,29.2,0.63,31.7,25.08,813
Shai Gilgeous-Alexander,2024-12-20 00:00:00,28,25,15.8,0.483,30.7,24.32,838
Shai Gilgeous-Alexander,2024-12-23 00:00:00,29,41,36.0,0.697,31.2,25.02,879
Shai Gilgeous-Alexander,2024-12-26 00:00:00,30,45,43.9,0.838,32.5,26.630000000000003,924
Shai Gilgeous-Alexander,2024-12-28 00:00:00,31,22,15.2,0.624,32.1,25.59,946
Shai Gilgeous-Alexander,2024-12-29 00:00:00,32,35,36.4,0.809,32.6,26.839999999999996,981
Shai Gilgeous-Alexander,2024-12-31 00:00:00,33,40,32.4,0.742,33.5,28.18,1021
Shai Gilgeous-Alexander,2025-01-02 00:00:00,34,29,27.8,0.692,32.5,27.43,1050
Shai Gilgeous-Alexander,2025-01-03 00:00:00,35,33,25.4,0.567,32.6,26.95,1083
Shai Gilgeous-Alexander,2025-01-05 00:00:00,36,33,30.2,0.622,33.8,29.23,1116
Shai Gilgeous-Alexander,2025-01-08 00:00:00,37,31,19.4,0.539,33.4,28.25,1147
Shai Gilgeous-Alexander,2025-01-10 00:00:00,38,39,32.5,0.795,34.8,29.919999999999998,1186
Shai Gilgeous-Alexander,2025-01-12 00:00:00,39,27,19.8,0.551,33.4,28.3,1213
Shai Gilgeous-Alexander,2025-01-14 00:00:00,40,32,30.6,0.864,32.1,26.97,1245
Shai Gilgeous-Alexander,2025-01-16 00:00:00,41,40,34.7,0.709,33.9,28.919999999999998,1285
Shai Gilgeous-Alexander,2025-01-19 00:00:00,42,27,31.0,0.734,33.1,28.380000000000003,1312
Shai Gilgeous-Alexander,2025-01-22 00:00:00,43,54,43.2,0.629,34.5,29.46,1366
Shai Gilgeous-Alexander,2025-01-23 00:00:00,44,31,19.3,0.561,34.7,28.610000000000003,1397
Shai Gilgeous-Alexander,2025-01-26 00:00:00,45,35,25.5,0.604,34.9,28.619999999999997,1432
Shai Gilgeous-Alexander,2025-01-29 00:00:00,46,52,37.0,0.68,36.8,29.3,1484
Shai Gilgeous-Alexander,2025-02-01 00:00:00,47,29,24.1,0.594,36.6,29.77,1513
Shai Gilgeous-Alexander,2025-02-03 00:00:00,48,34,28.0,0.837,36.1,29.32,1547
Shai Gilgeous-Alexander,2025-02-05 00:00:00,49,50,43.7,0.729,38.4,31.71,1597
Shai Gilgeous-Alexander,2025-02-07 00:00:00,50,25,23.0,0.688,37.7,30.95,1622
Shai Gilgeous-Alexander,2025-02-08 00:00:00,51,32,20.8,0.484,36.9,29.560000000000002,1654
Shai Gilgeous-Alexander,2025-02-10 00:00:00,52,31,24.6,0.659,37.3,28.919999999999998,1685
Shai Gilgeous-Alexander,2025-02-12 00:00:00,53,32,27.4,0.616,35.1,27.339999999999996,1717
Shai Gilgeous-Alexander,2025-02-13 00:00:00,54,24,19.4,0.464,34.4,27.35,1741
Shai Gilgeous-Alexander,2025-02-21 00:00:00,55,21,18.5,0.563,33.0,26.65,1762
Shai Gilgeous-Alexander,2025-02-23 00:00:00,56,37,31.1,0.641,31.5,26.060000000000002,1799
Shai Gilgeous-Alexander,2025-02-24 00:00:00,57,39,31.2,0.71,32.5,26.77,1838
Shai Gilgeous-Alexander,2025-02-26 00:00:00,58,27,26.0,0.807,31.8,26.57,1865
Shai Gilgeous-Alexander,2025-02-28 00:00:00,59,31,25.1,0.626,29.9,24.71,1896
Shai Gilgeous-Alexander,2025-03-02 00:00:00,60,31,30.9,0.675,30.5,25.5,1927
Shai Gilgeous-Alexander,2025-03-03 00:00:00,61,51,43.7,0.741,32.4,27.79,1978
Shai Gilgeous-Alexander,2025-03-05 00:00:00,62,41,31.3,0.697,33.4,28.46,2019
Shai Gilgeous-Alexander,2025-03-09 00:00:00,63,40,30.2,0.563,34.2,28.74,2059
Shai Gilgeous-Alexander,2025-03-10 00:00:00,64,25,23.2,0.751,34.3,29.119999999999997,2084
Shai Gilgeous-Alexander,2025-03-12 00:00:00,65,34,25.6,0.684,35.6,29.830000000000002,2118
Shai Gilgeous-Alexander,2025-03-15 00:00:00,66,48,43.3,0.789,36.7,31.05,2166
Shai Gilgeous-Alexander,2025-03-16 00:00:00,67,31,21.6,0.487,35.9,30.089999999999996,2197
Shai Gilgeous-Alexander,2025-03-21 00:00:00,68,30,29.9,0.794,36.2,30.48,2227
Shai Gilgeous-Alexander,2025-03-23 00:00:00,69,26,16.6,0.384,35.7,29.630000000000003,2253
Shai Gilgeous-Alexander,2025-03-25 00:00:00,70,32,19.6,0.584,35.8,28.5,2285
Shai Gilgeous-Alexander,2025-03-27 00:00:00,71,37,32.8,0.639,34.4,27.410000000000004,2322
Shai Gilgeous-Alexander,2025-03-29 00:00:00,72,33,29.2,0.583,33.6,27.2,2355
Shai Gilgeous-Alexander,2025-03-31 00:00:00,73,27,28.6,0.79,32.3,27.04,2382
Shai Gilgeous-Alexander,2025-04-02 00:00:00,74,33,26.1,0.527,33.1,27.330000000000002,2415
Shai Gilgeous-Alexander,2025-04-04 00:00:00,75,22,16.6,0.481,31.9,26.43,2437
Shai Gilgeous-Alexander,2025-04-06 00:00:00,76,26,22.2,0.565,29.7,24.32,2463
Shai Gilgeous-Alexander,2025-04-08 00:00:00,77,42,32.7,0.681,30.8,25.43,2505
Shai Gilgeous-Alexander,2025-04-20 00:00:00,78,15,10.1,0.466,29.3,23.45,2520
Shai Gilgeous-Alexander,2025-04-22 00:00:00,79,27,17.0,0.439,29.4,23.490000000000002,2547
Shai Gilgeous-Alexander,2025-04-24 00:00:00,80,31,20.3,0.517,29.3,23.56,2578
Shai Gilgeous-Alexander,2025-04-26 00:00:00,81,38,32.6,0.639,29.4,23.54,2616
Shai Gilgeous-Alexander,2025-05-05 00:00:00,82,33,28.7,0.551,29.4,23.490000000000002,2649
Shai Gilgeous-Alexander,2025-05-07 00:00:00,83,34,33.7,0.953,30.1,24.0,2683
Shai Gilgeous-Alexander,2025-05-09 00:00:00,84,18,15.2,0.372,28.6,22.91,2701
Shai Gilgeous-Alexander,2025-05-11 00:00:00,85,25,18.3,0.515,28.9,23.080000000000002,2726
Shai Gilgeous-Alexander,2025-05-13 00:00:00,86,31,24.8,0.605,29.4,23.34,2757
Shai Gilgeous-Alexander,2025-05-15 00:00:00,87,32,25.5,0.768,28.4,22.62,2789
Shai Gilgeous-Alexander,2025-05-18 00:00:00,88,35,32.7,0.762,30.4,24.880000000000003,2824
Shai Gilgeous-Alexander,2025-05-20 00:00:00,89,31,23.7,0.467,30.8,25.55,2855
Shai Gilgeous-Alexander,2025-05-22 00:00:00,90,38,33.8,0.688,31.5,26.9,2893
Shai Gilgeous-Alexander,2025-05-24 00:00:00,91,14,7.2,0.474,29.1,24.36,2907
Shai Gilgeous-Alexander,2025-05-26 00:00:00,92,40,29.1,0.553,29.8,24.4,2947
Shai Gilgeous-Alexander,2025-05-28 00:00:00,93,34,29.4,0.635,29.8,23.97,2981
Shai Gilgeous-Alexander,2025-06-05 00:00:00,94,38,26.0,0.567,31.8,25.05,3019
Shai Gilgeous-Alexander,2025-06-08 00:00:00,95,34,31.9,0.647,32.7,26.410000000000004,3053
Shai Gilgeous-Alexander,2025-06-11 00:00:00,96,24,14.5,0.53,32.0,25.380000000000003,3077
Shai Gilgeous-Alexander,2025-06-13 00:00:00,97,35,24.0,0.616,32.3,25.23,3112
Shai Gilgeous-Alexander,2025-06-16 00:00:00,98,31,27.3,0.571,31.9,24.69,3143
Shai Gilgeous-Alexander,2025-06-19 00:00:00,99,21,6.7,0.567,30.9,22.990000000000002,3164
Shai Gilgeous-Alexander,2025-06-22 00:00:00,100,29,22.2,0.449,30.0,21.830000000000002,3193
Tyrese Maxey,2024-10-23 00:00:00,1,25,11.1,0.382,25.0,11.1,25
Tyrese Maxey,2024-10-25 00:00:00,2,24,10.9,0.424,24.5,11.0,49
Tyrese Maxey,2024-10-27 00:00:00,3,45,27.2,0.583,31.333333333333332,16.400000000000002,94
Tyrese Maxey,2024-10-30 00:00:00,4,32,24.5,0.57,31.5,18.425,126
Tyrese Maxey,2024-11-02 00:00:00,5,23,16.9,0.566,29.8,18.119999999999997,149
Tyrese Maxey,2024-11-04 00:00:00,6,32,23.8,0.686,30.166666666666668,19.066666666666666,181
Tyrese Maxey,2024-11-06 00:00:00,7,12,2.7,0.446,27.571428571428573,16.728571428571428,193
Tyrese Maxey,2024-11-20 00:00:00,8,8,2.0,0.288,25.125,14.8875,201
Tyrese Maxey,2024-11-22 00:00:00,9,26,26.8,0.745,25.22222222222222,16.211111111111112,227
Tyrese Maxey,2024-11-24 00:00:00,10,17,14.1,0.576,24.4,16.0,244
Tyrese Maxey,2024-11-27 00:00:00,11,39,27.8,0.539,25.8,17.669999999999998,283
Tyrese Maxey,2024-11-30 00:00:00,12,28,19.8,0.563,26.2,18.56,311
Tyrese Maxey,2024-12-03 00:00:00,13,21,18.5,0.504,23.8,17.69,332
Tyrese Maxey,2024-12-04 00:00:00,14,16,8.5,0.402,22.2,16.09,348
Tyrese Maxey,2024-12-06 00:00:00,15,16,8.1,0.398,21.5,15.209999999999999,364
Tyrese Maxey,2024-12-08 00:00:00,16,25,23.5,0.546,20.8,15.180000000000001,389
Tyrese Maxey,2024-12-13 00:00:00,17,22,10.3,0.608,21.8,15.940000000000001,411
Tyrese Maxey,2024-12-16 00:00:00,18,40,28.2,0.593,25.0,18.56,451
Tyrese Maxey,2024-12-20 00:00:00,19,23,18.3,0.609,24.7,17.71,474
Tyrese Maxey,2024-12-21 00:00:00,20,27,17.1,0.551,25.7,18.009999999999998,501
Tyrese Maxey,2024-12-23 00:00:00,21,32,28.7,0.588,25.0,18.1,533
Tyrese Maxey,2024-12-25 00:00:00,22,33,31.6,0.644,25.5,19.28,566
Tyrese Maxey,2024-12-28 00:00:00,23,32,22.8,0.584,26.6,19.71,598
Tyrese Maxey,2024-12-30 00:00:00,24,23,14.5,0.735,27.3,20.31,621
Tyrese Maxey,2025-01-01 00:00:00,25,27,20.9,0.545,28.4,21.59,648
Tyrese Maxey,2025-01-02 00:00:00,26,14,13.2,0.474,27.3,20.56,662
Tyrese Maxey,2025-01-04 00:00:00,27,18,12.7,0.597,26.9,20.8,680
Tyrese Maxey,2025-01-06 00:00:00,28,31,21.7,0.57,26.0,20.15,711
Tyrese Maxey,2025-01-08 00:00:00,29,29,19.0,0.489,26.6,20.22,740
Tyrese Maxey,2025-01-10 00:00:00,30,30,30.6,0.638,26.9,21.57,770
Tyrese Maxey,2025-01-12 00:00:00,31,29,18.2,0.587,26.6,20.52,799
Tyrese Maxey,2025-01-15 00:00:00,32,33,19.1,0.482,26.6,19.27,832
Tyrese Maxey,2025-01-18 00:00:00,33,28,17.1,0.546,26.2,18.7,860
Tyrese Maxey,2025-01-19 00:00:00,34,37,28.3,0.631,27.6,20.080000000000002,897
Tyrese Maxey,2025-01-21 00:00:00,35,28,24.9,0.627,27.7,20.48,925
Tyrese Maxey,2025-01-24 00:00:00,36,29,26.8,0.688,29.2,21.84,954
Tyrese Maxey,2025-01-25 00:00:00,37,31,27.2,0.649,30.5,23.29,985
Tyrese Maxey,2025-01-28 00:00:00,38,43,32.5,0.718,31.7,24.369999999999997,1028
Tyrese Maxey,2025-01-29 00:00:00,39,30,21.7,0.573,31.8,24.64,1058
Tyrese Maxey,2025-01-31 00:00:00,40,42,32.1,0.711,33.0,24.79,1100
Tyrese Maxey,2025-02-02 00:00:00,41,34,24.4,0.658,33.5,25.41,1134
Tyrese Maxey,2025-02-04 00:00:00,42,33,30.5,0.682,33.5,26.55,1167
Tyrese Maxey,2025-02-05 00:00:00,43,31,22.4,0.506,33.8,27.080000000000002,1198
Tyrese Maxey,2025-02-07 00:00:00,44,27,19.6,0.596,32.8,26.21,1225
Tyrese Maxey,2025-02-09 00:00:00,45,39,31.3,0.802,33.9,26.85,1264
Tyrese Maxey,2025-02-11 00:00:00,46,5,-2.9,0.253,31.5,23.880000000000003,1269
Tyrese Maxey,2025-02-20 00:00:00,47,16,18.0,0.707,30.0,22.96,1285
Tyrese Maxey,2025-02-22 00:00:00,48,31,20.5,0.605,28.8,21.759999999999998,1316
Tyrese Maxey,2025-02-24 00:00:00,49,13,6.1,0.497,27.1,20.2,1329
Tyrese Maxey,2025-02-26 00:00:00,50,30,17.4,0.433,25.9,18.73,1359
Tyrese Maxey,2025-03-01 00:00:00,51,5,4.6,0.173,23.0,16.75,1364
Tyrese Maxey,2025-03-03 00:00:00,52,5,1.9,0.192,20.2,13.89,1369
