player,team,games_played,avg_pts,avg_reb,avg_ast,avg_stl,avg_blk,avg_tov,avg_fg_pct,avg_3p_pct,avg_ts_pct,avg_gmsc,avg_plus_minus,win_pct,pts_rank,gmsc_rank,ts_rank
Shai Gilgeous-Alexander,OKC,100,31.9,5.1,6.4,1.7,1.0,2.5,0.511,0.372,0.626,26.0,10.7,79.0,1,3,31
Giannis Antetokounmpo,MIL,73,30.5,12.2,6.5,0.9,1.2,3.2,0.606,0.103,0.628,26.6,4.3,57.5,2,2,29
Nikola Jokić,DEN,84,29.0,12.7,9.9,1.8,0.7,3.4,0.569,0.426,0.659,29.0,6.9,63.1,3,1,11
Anthony Edwards,MIN,94,27.2,6.0,4.7,1.1,0.7,3.1,0.448,0.382,0.589,19.4,3.5,60.6,4,12,89
Jayson Tatum,BOS,80,27.0,8.9,5.9,1.2,0.6,2.9,0.445,0.346,0.577,20.7,7.6,71.3,5,5,113
Jalen Brunson,NYK,83,26.7,3.0,7.2,0.8,0.2,2.6,0.478,0.351,0.598,20.0,1.8,60.2,6,8,69
Kevin Durant,PHO,62,26.6,6.0,4.2,0.8,1.2,3.1,0.535,0.466,0.651,20.2,-0.6,53.2,7,7,13
Tyrese Maxey,PHI,52,26.3,3.3,6.1,1.8,0.4,2.4,0.427,0.326,0.553,19.2,-2.4,38.5,8,15,170
Cade Cunningham,DET,76,26.1,6.3,9.1,1.1,0.8,4.5,0.47,0.338,0.564,19.6,2.4,52.6,9,10,143
Paolo Banchero,ORL,52,26.1,7.6,4.8,0.8,0.6,3.0,0.443,0.313,0.542,18.1,-0.8,44.2,9,23,195
Devin Booker,PHO,75,25.6,4.1,7.1,0.9,0.2,2.9,0.453,0.299,0.584,19.2,-2.3,46.7,11,15,100
LaMelo Ball,CHO,46,25.6,5.0,7.5,1.2,0.3,3.6,0.4,0.335,0.535,17.2,-2.5,34.8,11,29,205
Kyrie Irving,DAL,49,25.0,4.9,4.7,1.3,0.5,2.2,0.476,0.38,0.595,18.9,2.7,57.1,13,18,77
De'Aaron Fox,SAC,45,25.0,5.0,6.1,1.5,0.4,3.0,0.468,0.338,0.566,18.5,0.5,46.7,13,20,138
Donovan Mitchell,CLE,80,24.6,4.5,4.9,1.4,0.3,2.1,0.441,0.353,0.573,18.1,7.1,75.0,15,23,122
LeBron James,LAL,75,24.5,7.9,8.0,1.1,0.6,3.6,0.51,0.347,0.601,20.8,-1.3,60.0,16,4,67
Stephen Curry,GSW,79,24.5,4.6,5.9,1.1,0.5,2.9,0.448,0.395,0.615,18.8,4.1,59.5,16,19,45
Damian Lillard,MIL,61,24.4,4.6,7.0,1.2,0.2,2.8,0.434,0.366,0.612,19.7,1.3,55.7,18,9,50
Victor Wembanyama,SAS,46,24.3,11.0,3.7,1.1,3.8,3.2,0.467,0.339,0.584,20.7,2.2,45.7,19,5,100
Trae Young,ATL,78,24.3,3.1,11.5,1.2,0.2,4.6,0.406,0.325,0.558,19.3,0.0,46.2,19,14,162
Franz Wagner,ORL,66,24.1,5.7,4.8,1.3,0.4,2.3,0.461,0.254,0.552,17.4,3.3,53.0,21,27,172
Zach LaVine,CHI,42,24.0,4.8,4.5,0.9,0.2,2.9,0.497,0.428,0.625,17.6,0.2,42.9,22,26,33
Karl-Anthony Towns,NYK,90,23.8,12.5,2.7,0.9,0.7,2.6,0.515,0.387,0.617,19.4,4.4,62.2,23,12,40
Tyler Herro,MIA,83,23.8,5.1,5.4,0.9,0.2,2.6,0.474,0.374,0.607,17.9,0.5,47.0,23,25,62
Ja Morant,MEM,55,22.9,4.0,7.1,1.2,0.3,3.6,0.456,0.296,0.561,16.5,4.1,56.4,25,37,154
James Harden,LAC,86,22.5,5.7,8.7,1.5,0.7,4.2,0.41,0.344,0.576,18.5,3.7,61.6,26,20,115
DeMar DeRozan,SAC,78,22.3,3.9,4.4,0.8,0.4,1.4,0.479,0.302,0.568,16.8,1.2,48.7,27,35,131
Jaylen Brown,BOS,74,22.2,6.0,4.4,1.1,0.3,2.7,0.463,0.32,0.554,15.6,6.2,70.3,28,45,168
Kawhi Leonard,LAC,44,22.1,6.2,3.4,1.5,0.5,2.0,0.503,0.392,0.593,17.3,6.6,65.9,29,28,80
Jaren Jackson Jr.,MEM,79,22.1,5.7,2.1,1.2,1.5,2.1,0.486,0.379,0.59,15.7,3.6,54.4,29,44,87
Trey Murphy III,NOP,52,21.6,5.2,3.6,1.1,0.8,2.0,0.455,0.358,0.6,16.3,-7.4,26.9,31,39,68
Jamal Murray,DEN,81,21.5,4.1,5.9,1.3,0.5,2.2,0.462,0.359,0.574,16.9,4.5,59.3,32,33,118
Jalen Williams,OKC,93,21.5,5.4,5.0,1.6,0.6,2.1,0.473,0.327,0.564,16.9,6.0,76.3,32,33,143
Norman Powell,LAC,66,21.4,3.1,2.1,1.2,0.2,1.8,0.483,0.417,0.611,14.5,5.0,63.6,34,55,53
RJ Barrett,TOR,58,21.1,6.3,5.4,0.8,0.3,2.8,0.471,0.362,0.548,14.9,-2.4,39.7,35,50,182
CJ McCollum,NOP,56,21.1,3.8,4.1,0.8,0.4,1.9,0.426,0.338,0.528,14.1,-5.0,30.4,35,60,215
Jordan Poole,WAS,68,20.5,3.0,4.5,1.3,0.4,3.0,0.42,0.367,0.579,13.6,-8.2,22.1,37,65,109
Darius Garland,CLE,80,20.4,2.8,6.7,1.2,0.1,2.5,0.473,0.392,0.604,15.9,6.0,78.8,38,42,65
Jalen Green,HOU,89,20.4,4.7,3.4,0.8,0.3,2.4,0.406,0.323,0.519,13.1,2.1,61.8,38,75,229
Pascal Siakam,IND,101,20.3,6.8,3.4,1.0,0.6,1.4,0.516,0.372,0.597,16.4,4.1,61.4,40,38,73
Miles Bridges,CHO,64,20.3,7.5,3.9,0.7,0.7,2.1,0.427,0.312,0.536,15.0,-4.0,25.0,40,48,203
Coby White,CHI,75,20.3,3.7,4.5,0.9,0.2,2.5,0.444,0.362,0.588,14.4,-2.1,46.7,40,57,91
Austin Reaves,LAL,77,20.1,4.6,5.7,1.1,0.3,2.5,0.457,0.368,0.609,16.1,2.2,59.7,43,40,58
Alperen Şengün,HOU,82,19.5,10.6,5.0,1.2,0.8,2.5,0.493,0.185,0.543,17.0,5.5,65.9,44,31,191
Anfernee Simons,POR,69,19.5,2.7,4.9,0.9,0.1,2.1,0.412,0.343,0.543,13.3,-3.2,39.1,44,69,191
Scottie Barnes,TOR,65,19.3,7.7,5.8,1.4,1.0,2.8,0.445,0.271,0.523,15.9,-2.0,40.0,46,42,224
Domantas Sabonis,SAC,70,19.2,14.1,6.1,0.7,0.4,3.0,0.598,0.364,0.666,19.6,1.7,50.0,47,10,8
Desmond Bane,MEM,75,19.2,6.1,5.3,1.1,0.4,2.6,0.467,0.376,0.585,15.3,1.2,52.0,47,47,95
Julius Randle,MIN,84,19.2,6.8,4.7,0.7,0.2,2.9,0.48,0.311,0.591,14.9,2.5,63.1,47,50,83
Jimmy Butler,GSW,41,19.1,5.9,5.9,1.6,0.3,1.4,0.474,0.288,0.607,19.1,3.5,68.3,50,17,62
Lauri Markkanen,UTA,47,19.0,5.9,1.5,0.7,0.4,1.4,0.431,0.346,0.576,13.2,-4.0,19.1,51,72,115
Cameron Johnson,BRK,57,18.8,4.3,3.4,0.9,0.4,1.7,0.478,0.402,0.635,14.8,-3.5,36.8,52,52,20
Collin Sexton,UTA,62,18.7,2.7,4.3,0.8,0.1,2.6,0.482,0.376,0.598,12.9,-4.6,22.6,53,79,69
Shaedon Sharpe,POR,72,18.5,4.5,2.8,0.9,0.2,2.1,0.446,0.308,0.548,12.2,-1.9,44.4,54,83,182
Tyrese Haliburton,IND,95,18.4,4.0,9.2,1.4,0.7,1.8,0.45,0.354,0.582,18.5,3.7,64.2,55,20,102
Evan Mobley,CLE,79,18.4,9.2,3.0,0.9,1.5,2.0,0.552,0.336,0.632,17.0,7.1,79.7,55,31,22
Nikola Vučević,CHI,74,18.4,10.1,3.5,0.8,0.7,1.6,0.535,0.394,0.615,16.6,-1.6,45.9,55,36,45
Bam Adebayo,MIA,84,18.0,9.7,4.3,1.3,0.7,2.1,0.475,0.303,0.549,16.1,-0.3,45.2,58,40,178
OG Anunoby,NYK,92,17.7,4.8,2.0,1.6,0.9,1.4,0.454,0.351,0.569,13.6,2.9,59.8,59,65,130
Andrew Wiggins,GSW,43,17.6,4.6,2.4,0.9,0.8,1.3,0.433,0.363,0.556,13.2,-1.3,48.8,60,72,165
Malik Monk,SAC,63,17.6,3.8,5.7,1.0,0.6,2.5,0.437,0.304,0.549,12.9,1.8,54.0,60,79,178
Mikal Bridges,NYK,99,17.4,3.4,3.6,1.1,0.6,1.7,0.489,0.324,0.566,13.0,2.7,60.6,62,77,138
Deni Avdija,POR,71,17.1,7.3,3.9,1.0,0.5,2.7,0.462,0.343,0.591,13.8,-1.1,45.1,63,62,83
Kristaps Porziņģis,BOS,53,17.0,6.3,1.8,0.8,1.4,1.2,0.44,0.369,0.576,13.6,3.4,67.9,64,65,115
Bradley Beal,PHO,53,17.0,3.3,3.7,1.1,0.5,1.9,0.481,0.365,0.58,12.7,-5.2,41.5,64,81,107
Ivica Zubac,LAC,87,16.8,12.4,2.6,0.7,1.1,1.6,0.626,0.0,0.64,17.2,5.7,60.9,66,29,19
Michael Porter Jr.,DEN,91,16.8,6.8,1.9,0.6,0.5,1.3,0.482,0.378,0.596,13.0,2.7,59.3,66,77,74
Keyonte George,UTA,67,16.8,3.8,5.6,0.7,0.1,2.7,0.391,0.328,0.539,11.6,-7.6,19.4,66,90,197
Derrick White,BOS,87,16.7,4.6,4.6,0.9,1.1,1.7,0.445,0.381,0.61,14.2,6.4,73.6,69,59,55
Devin Vassell,SAS,64,16.3,4.0,2.9,1.3,0.5,1.4,0.434,0.356,0.545,11.9,-4.1,37.5,70,86,189
Paul George,PHI,41,16.2,5.3,4.3,1.8,0.5,2.6,0.421,0.345,0.527,12.2,-2.0,36.6,71,83,218
Malik Beasley,DET,88,16.1,2.6,1.7,0.9,0.1,1.0,0.424,0.406,0.582,10.5,1.8,52.3,72,106,102
Jonathan Kuminga,GSW,53,15.8,4.4,2.2,0.8,0.5,1.5,0.451,0.276,0.533,10.9,-0.9,54.7,73,97,210
Mark Williams,CHO,43,15.5,10.3,2.5,0.7,1.2,1.6,0.611,0.0,0.651,15.6,-6.7,20.9,74,45,13
Chet Holmgren,OKC,54,15.3,8.4,1.6,0.7,2.1,1.6,0.476,0.343,0.581,13.3,8.5,77.8,75,69,105
Aaron Gordon,DEN,63,15.3,5.6,3.2,0.5,0.3,1.6,0.512,0.403,0.626,13.1,5.1,61.9,75,75,31
Myles Turner,IND,94,15.3,6.2,1.5,0.7,2.0,1.7,0.49,0.372,0.62,12.2,2.8,61.7,75,83,39
Bennedict Mathurin,IND,91,15.3,5.0,1.7,0.6,0.3,1.7,0.453,0.321,0.578,10.7,0.3,60.4,75,100,111
Kelly Oubre Jr.,PHI,60,15.1,6.1,1.8,1.5,0.5,1.3,0.47,0.261,0.552,11.6,-4.3,35.0,79,90,172
Christian Braun,DEN,93,15.0,5.4,2.6,1.1,0.5,1.0,0.561,0.334,0.648,13.3,5.0,59.1,80,69,17
Stephon Castle,SAS,80,14.9,3.7,4.1,0.9,0.3,2.2,0.416,0.271,0.506,10.5,-2.8,41.3,81,106,243
Josh Giddey,CHI,71,14.7,8.1,7.1,1.2,0.6,2.9,0.462,0.385,0.563,14.7,-1.1,46.5,82,53,148
Fred VanVleet,HOU,67,14.6,3.7,5.4,1.5,0.4,1.5,0.369,0.342,0.511,11.9,4.3,65.7,83,86,235
Jakob Poeltl,TOR,57,14.5,9.6,2.8,1.2,1.2,1.9,0.612,0.018,0.629,14.6,-0.6,36.8,84,54,27
P.J. Washington,DAL,59,14.5,7.7,2.3,1.1,1.0,2.1,0.436,0.348,0.534,11.4,1.1,54.2,84,92,208
Jerami Grant,POR,47,14.4,3.5,2.1,0.9,1.0,1.4,0.369,0.362,0.508,9.5,-4.3,46.8,86,128,242
Gradey Dick,TOR,54,14.4,3.6,1.8,0.9,0.2,1.5,0.4,0.347,0.525,9.1,-3.9,27.8,86,138,222
Amen Thompson,HOU,76,14.2,8.1,3.8,1.4,1.3,2.0,0.546,0.152,0.595,14.3,3.6,60.5,88,58,77
Klay Thompson,DAL,74,14.1,3.4,2.0,0.7,0.4,1.2,0.409,0.372,0.548,9.6,-0.8,45.9,89,127,182
Dyson Daniels,ATL,78,14.0,6.0,4.4,3.0,0.7,2.0,0.494,0.343,0.546,13.7,-1.0,47.4,90,64,188
Payton Pritchard,BOS,91,14.0,3.6,3.3,0.8,0.2,1.0,0.449,0.381,0.602,11.7,5.5,71.4,90,89,66
Tobias Harris,DET,79,13.9,6.1,2.1,1.0,0.8,1.2,0.475,0.307,0.567,11.4,2.1,53.2,92,92,135
Dillon Brooks,HOU,82,13.9,3.6,1.7,0.8,0.2,1.0,0.423,0.383,0.547,8.9,2.6,63.4,92,143,187
Bobby Portis,MIL,55,13.7,8.4,2.1,0.7,0.5,1.2,0.458,0.325,0.535,11.1,2.1,58.2,94,95,205
Naz Reid,MIN,94,13.7,5.8,2.2,0.7,0.9,1.4,0.468,0.369,0.591,10.6,3.6,58.5,94,102,83
Jarrett Allen,CLE,90,13.6,9.7,1.9,1.0,0.9,1.3,0.702,0.0,0.726,15.0,6.5,76.7,96,48,2
Onyeka Okongwu,ATL,76,13.5,9.0,2.3,0.9,0.9,1.2,0.559,0.242,0.621,13.6,0.2,46.1,97,65,38
Josh Hart,NYK,95,13.3,9.4,5.6,1.5,0.4,2.0,0.515,0.318,0.612,14.5,2.2,61.1,98,55,50
Rui Hachimura,LAL,64,13.3,5.0,1.4,0.8,0.5,0.9,0.511,0.391,0.623,10.6,1.6,59.4,98,102,36
Naji Marshall,DAL,71,13.2,4.7,3.0,1.0,0.2,1.7,0.495,0.245,0.573,10.8,-1.9,46.5,100,98,122
Russell Westbrook,DEN,87,13.1,4.8,5.6,1.4,0.4,3.1,0.445,0.293,0.527,10.4,-1.3,56.3,101,110,218
Alex Sarr,WAS,67,13.0,6.5,2.4,0.7,1.5,1.7,0.393,0.289,0.483,9.5,-8.2,19.4,102,128,255
Ty Jerome,CLE,76,12.8,2.5,3.4,1.1,0.1,1.3,0.513,0.398,0.632,10.8,4.9,75.0,103,98,22
Brook Lopez,MIL,85,12.7,4.9,1.7,0.6,1.8,1.0,0.499,0.352,0.612,11.0,1.4,57.6,104,96,50
Bilal Coulibaly,WAS,57,12.7,5.1,3.4,1.4,0.7,2.2,0.408,0.261,0.499,9.9,-10.3,21.1,104,118,246
Keldon Johnson,SAS,77,12.7,4.8,1.6,0.6,0.3,1.0,0.47,0.292,0.558,9.8,-2.8,40.3,104,123,162
Scoot Henderson,POR,66,12.7,3.0,5.1,1.0,0.2,2.7,0.406,0.34,0.515,9.0,-0.6,45.5,104,141,233
Santi Aldama,MEM,70,12.6,6.4,2.9,0.8,0.4,1.1,0.469,0.362,0.578,11.3,1.7,54.3,108,94,111
Jaden McDaniels,MIN,97,12.6,5.7,1.9,1.3,0.9,1.2,0.476,0.342,0.566,10.6,2.6,59.8,108,102,138
Keegan Murray,SAC,77,12.4,6.7,1.4,0.8,0.9,0.8,0.432,0.322,0.538,10.1,0.4,46.8,110,114,199
Zaccharie Risacher,ATL,76,12.4,3.5,1.2,0.7,0.5,1.2,0.435,0.307,0.528,8.2,-1.9,48.7,110,160,215
Ayo Dosunmu,CHI,46,12.3,3.5,4.5,0.9,0.4,1.5,0.496,0.327,0.585,10.5,-5.1,37.0,112,106,95
Harrison Barnes,SAS,82,12.3,3.8,1.7,0.5,0.2,0.6,0.483,0.403,0.624,10.4,-0.3,41.5,112,110,35
Aaron Nesmith,IND,67,12.3,4.6,1.2,0.8,0.5,0.9,0.474,0.442,0.623,9.4,4.4,64.2,112,134,36
Jalen Duren,DET,81,12.2,10.6,2.8,0.7,1.2,1.8,0.701,0.0,0.717,13.8,0.3,54.3,115,62,3
Daniel Gafford,DAL,58,12.2,6.8,1.4,0.4,1.8,1.2,0.699,0.0,0.713,12.4,0.8,50.0,115,82,4
Gary Trent Jr.,MIL,78,11.9,2.3,1.2,1.1,0.1,0.6,0.432,0.408,0.596,8.5,1.0,56.4,117,151,74
Jonas Valančiūnas,WAS,48,11.7,8.4,2.2,0.5,0.6,1.8,0.566,0.104,0.617,10.7,-6.4,16.7,118,100,40
Aaron Wiggins,OKC,88,11.7,3.9,1.7,0.8,0.3,0.9,0.469,0.366,0.58,9.1,6.9,78.4,118,138,107
Jabari Smith Jr.,HOU,64,11.7,6.7,1.0,0.4,0.7,1.1,0.445,0.356,0.574,9.1,3.8,67.2,118,138,118
Corey Kispert,WAS,60,11.7,3.0,1.7,0.4,0.2,1.1,0.44,0.333,0.567,7.9,-4.6,23.3,118,168,135
Brandin Podziemski,GSW,76,11.6,5.1,3.4,1.1,0.2,1.2,0.397,0.332,0.503,9.9,3.3,56.6,122,118,244
Nikola Jović,MIA,45,11.6,4.2,3.0,0.9,0.3,1.4,0.443,0.368,0.591,9.4,-1.3,42.2,122,134,83
Tari Eason,HOU,64,11.5,6.1,1.4,1.6,0.9,1.2,0.476,0.314,0.562,10.4,1.8,60.9,124,110,152
Toumani Camara,POR,77,11.5,5.8,2.3,1.5,0.6,1.4,0.46,0.352,0.57,10.1,-1.3,42.9,124,114,129
Nick Smith Jr.,CHO,50,11.5,2.4,2.8,0.3,0.1,1.6,0.385,0.323,0.49,6.5,-7.9,24.0,124,220,251
Rudy Gobert,MIN,86,11.4,10.6,1.6,0.7,1.4,1.2,0.654,0.0,0.665,13.2,4.5,59.3,127,72,9
Jeremy Sochan,SAS,54,11.4,6.5,2.4,0.8,0.5,1.6,0.525,0.24,0.573,10.1,-1.6,38.9,127,114,122
Spencer Dinwiddie,DAL,77,11.3,2.7,4.5,0.9,0.2,1.3,0.42,0.355,0.559,9.5,-2.8,45.5,129,128,159
Terry Rozier,MIA,60,11.3,3.9,2.8,0.6,0.2,1.3,0.394,0.278,0.495,7.9,-1.9,43.3,129,168,248
Buddy Hield,GSW,95,11.2,3.2,1.6,0.9,0.3,1.1,0.389,0.336,0.523,7.8,1.6,56.8,131,171,224
Brice Sensabaugh,UTA,68,11.2,3.0,1.6,0.7,0.1,1.6,0.44,0.375,0.586,7.5,-4.1,20.6,131,181,94
Tim Hardaway Jr.,DET,82,11.2,2.4,1.6,0.5,0.1,0.7,0.391,0.342,0.541,7.4,0.5,52.4,131,187,196
Keon Johnson,BRK,73,11.2,4.0,2.4,1.1,0.4,1.5,0.378,0.292,0.484,7.3,-5.7,28.8,131,193,254
Jaden Hardy,DAL,41,11.2,2.0,1.9,0.7,0.1,1.7,0.419,0.359,0.531,6.5,-0.8,43.9,131,220,212
Walker Kessler,UTA,58,11.1,12.2,1.7,0.6,2.4,1.5,0.694,0.042,0.68,14.0,-5.7,24.1,136,61,6
Guerschon Yabusele,PHI,69,11.1,5.7,2.1,0.8,0.3,1.3,0.466,0.309,0.579,9.7,-1.6,33.3,136,125,109
Donte DiVincenzo,MIN,76,11.1,3.6,3.6,1.2,0.3,1.7,0.412,0.375,0.568,8.7,1.4,59.2,136,147,131
Cole Anthony,ORL,57,11.1,3.5,3.3,0.7,0.6,1.7,0.407,0.338,0.519,8.0,0.8,50.9,136,166,229
Dalano Banton,POR,47,11.0,2.6,3.0,0.8,0.7,1.7,0.378,0.307,0.492,7.7,-0.6,40.4,140,173,250
Jrue Holiday,BOS,70,10.9,4.3,3.9,1.0,0.4,1.3,0.446,0.318,0.568,9.9,5.0,72.9,141,118,131
Jordan Hawkins,NOP,55,10.9,2.9,1.2,0.5,0.4,1.1,0.345,0.313,0.473,6.6,-5.7,32.7,141,216,260
Andrew Nembhard,IND,87,10.8,3.3,5.0,1.3,0.2,1.8,0.463,0.322,0.563,9.5,3.0,66.7,143,128,148
Scotty Pippen Jr.,MEM,80,10.8,3.5,4.6,1.3,0.3,1.8,0.455,0.32,0.56,9.5,-0.2,58.8,143,128,157
Duncan Robinson,MIA,79,10.7,2.2,2.3,0.5,0.1,1.2,0.42,0.387,0.573,7.1,0.4,39.2,145,198,122
Obi Toppin,IND,98,10.6,4.1,1.6,0.6,0.4,0.9,0.51,0.308,0.615,8.6,-1.0,62.2,146,149,45
Ochai Agbaji,TOR,62,10.6,3.9,1.6,0.9,0.5,0.9,0.496,0.371,0.589,8.5,-3.4,30.6,146,151,89
Grayson Allen,PHO,64,10.6,3.0,2.1,0.8,0.3,1.2,0.454,0.428,0.644,8.4,-1.2,45.3,146,156,18
Quentin Grimes,DAL,45,10.6,3.9,2.2,0.7,0.2,1.4,0.411,0.338,0.543,8.1,0.1,55.6,146,164,191
Trendon Watford,BRK,42,10.5,3.8,2.7,0.6,0.3,2.0,0.451,0.256,0.539,7.4,-1.3,38.1,150,187,197
Isaiah Hartenstein,OKC,81,10.4,9.8,3.4,0.8,0.9,1.5,0.598,0.0,0.614,11.8,5.4,80.2,151,88,49
Kyle Filipowski,UTA,65,10.4,6.6,2.1,0.7,0.3,1.5,0.525,0.299,0.61,8.8,-5.3,20.0,151,144,55
Jaylen Wells,MEM,79,10.4,3.4,1.7,0.6,0.1,0.9,0.413,0.319,0.548,7.4,2.4,59.5,151,187,182
Nic Claxton,BRK,70,10.3,7.4,2.2,0.9,1.4,1.2,0.567,0.057,0.574,10.5,-7.1,28.6,154,106,118
Ausar Thompson,DET,64,10.3,5.2,2.2,1.6,0.7,1.4,0.542,0.107,0.571,9.5,1.2,54.7,154,128,127
Jose Alvarado,NOP,56,10.3,2.4,4.6,1.3,0.3,1.5,0.381,0.334,0.51,8.7,-4.1,33.9,154,147,238
Dalton Knecht,LAL,65,10.3,3.2,1.0,0.3,0.1,0.5,0.408,0.314,0.529,7.1,-1.2,56.9,154,198,213
Tyus Jones,PHO,81,10.2,2.4,5.3,0.9,0.1,1.1,0.431,0.387,0.564,9.9,-1.1,44.4,158,118,143
Justin Champagnie,WAS,53,10.2,6.5,1.1,1.2,0.7,1.0,0.476,0.347,0.577,9.8,-5.2,26.4,158,123,113
Chris Boucher,TOR,48,10.2,4.6,0.7,0.5,0.5,0.6,0.448,0.286,0.564,8.3,0.0,35.4,158,158,143
Matas Buzelis,CHI,66,10.2,4.1,1.2,0.4,1.1,1.1,0.465,0.382,0.581,7.7,-0.4,48.5,158,173,105
Kel'el Ware,MIA,62,10.0,8.1,1.1,0.7,1.1,1.0,0.575,0.217,0.616,9.9,0.4,41.9,162,118,43
Moses Moody,GSW,80,10.0,2.7,1.4,0.8,0.4,0.7,0.421,0.357,0.564,7.5,1.7,60.0,162,181,143
Ziaire Williams,BRK,63,10.0,4.6,1.3,1.0,0.4,1.1,0.39,0.312,0.533,7.4,-5.2,34.9,162,187,210
Amir Coffey,LAC,69,10.0,2.3,1.1,0.6,0.1,0.6,0.457,0.373,0.598,7.1,-0.7,58.0,162,198,69
Derrick Jones Jr.,LAC,84,9.9,3.3,0.7,1.0,0.5,0.8,0.528,0.325,0.606,7.7,3.0,60.7,166,173,64
Julian Champagnie,SAS,82,9.9,3.9,1.4,0.7,0.4,0.9,0.399,0.348,0.555,7.6,-0.8,41.5,166,179,167
Max Strus,CLE,59,9.8,4.5,3.3,0.5,0.2,1.0,0.425,0.36,0.585,8.5,4.7,74.6,168,151,95
Isaiah Joe,OKC,85,9.8,2.6,1.5,0.6,0.1,0.5,0.423,0.393,0.598,7.5,7.1,81.2,168,181,69
Bub Carrington,WAS,82,9.8,4.2,4.4,0.7,0.3,1.7,0.393,0.317,0.502,7.5,-9.7,22.0,168,181,245
Ricky Council IV,PHI,50,9.8,4.0,1.6,0.6,0.2,1.0,0.4,0.265,0.518,7.0,-3.7,28.0,168,205,231
Jaime Jaquez Jr.,MIA,59,9.6,4.8,2.7,1.0,0.2,1.6,0.456,0.241,0.538,8.3,-2.7,45.8,172,158,199
Anthony Black,ORL,83,9.6,3.1,2.9,1.1,0.6,1.7,0.417,0.269,0.509,7.3,-0.4,49.4,172,193,241
Jalen Wilson,BRK,78,9.6,3.5,1.9,0.5,0.1,1.0,0.413,0.332,0.554,6.6,-3.3,32.1,172,216,168
Luguentz Dort,OKC,95,9.5,4.1,1.4,1.1,0.5,0.8,0.406,0.366,0.552,7.4,6.3,76.8,175,187,172
Kevin Porter Jr.,LAC,44,9.5,3.6,3.3,1.0,0.3,1.9,0.406,0.205,0.453,6.7,-0.4,54.5,175,210,262
Yves Missi,NOP,71,9.4,8.4,1.4,0.5,1.3,1.1,0.545,0.0,0.565,10.0,-6.6,26.8,177,117,141
T.J. McConnell,IND,99,9.4,2.7,4.5,1.0,0.2,1.5,0.519,0.164,0.553,8.8,-0.7,64.6,177,144,170
Johnny Juzang,UTA,61,9.4,3.0,1.1,0.6,0.1,0.6,0.424,0.354,0.561,6.5,-5.5,23.0,177,220,154
Zach Edey,MEM,71,9.3,8.5,1.0,0.5,1.4,1.4,0.6,0.146,0.632,9.7,1.7,49.3,180,125,22
Wendell Carter Jr.,ORL,73,9.3,7.6,1.9,0.7,0.6,1.2,0.47,0.235,0.548,8.6,-0.7,45.2,180,149,182
Nickeil Alexander-Walker,MIN,97,9.3,3.0,2.7,0.6,0.4,1.3,0.427,0.378,0.561,7.1,2.7,59.8,180,198,154
Ja'Kobe Walter,TOR,48,9.3,3.3,1.7,0.9,0.2,1.0,0.416,0.292,0.527,6.7,-2.0,37.5,180,210,218
Tyrese Martin,BRK,56,9.3,3.9,2.1,0.6,0.1,1.3,0.388,0.316,0.51,6.7,-4.7,26.8,180,210,238
Draymond Green,GSW,80,9.1,6.1,5.5,1.5,1.0,2.6,0.408,0.273,0.512,9.0,3.3,58.8,185,141,234
Royce O'Neale,PHO,75,9.1,4.7,2.2,0.9,0.5,0.9,0.41,0.394,0.567,7.7,-2.1,44.0,185,173,135
Julian Strawther,DEN,66,9.1,2.2,1.2,0.6,0.3,0.9,0.408,0.308,0.536,5.6,-0.8,62.1,185,244,203
Noah Clowney,BRK,46,9.1,3.9,0.9,0.5,0.5,1.0,0.349,0.29,0.489,5.6,-5.7,23.9,185,244,252
Max Christie,LAL,43,9.0,2.8,1.5,0.8,0.5,0.9,0.468,0.368,0.625,7.2,-0.2,58.1,189,196,33
Clint Capela,ATL,55,8.9,8.5,1.1,0.6,1.0,0.9,0.566,0.0,0.562,9.4,-1.4,49.1,190,134,152
Luke Kennard,MEM,67,8.9,2.9,3.3,0.8,0.1,1.2,0.439,0.37,0.582,8.2,1.7,55.2,190,160,102
Isaiah Collier,UTA,69,8.9,3.4,6.4,0.9,0.2,3.0,0.411,0.185,0.476,7.3,-5.7,20.3,190,193,258
Miles McBride,NYK,80,8.9,2.3,2.5,0.9,0.2,0.7,0.4,0.357,0.534,7.1,2.9,58.8,190,198,208
Quinten Post,GSW,42,8.9,4.1,1.6,0.5,0.5,0.9,0.425,0.392,0.571,6.7,1.1,66.7,190,210,127
Chris Paul,SAS,82,8.8,3.6,7.4,1.3,0.3,1.6,0.433,0.387,0.593,10.6,0.0,41.5,195,102,80
Al Horford,BOS,71,8.8,6.1,2.1,0.6,0.9,0.7,0.425,0.365,0.559,8.5,5.7,70.4,195,151,159
Jalen Smith,CHI,59,8.8,5.9,1.0,0.3,0.7,0.6,0.467,0.321,0.587,7.8,-0.7,40.7,195,171,92
Kentavious Caldwell-Pope,ORL,80,8.8,2.3,1.8,1.3,0.5,0.8,0.414,0.318,0.549,7.1,-0.3,48.8,195,198,178
Kyshawn George,WAS,67,8.8,4.2,2.5,1.0,0.7,1.4,0.35,0.298,0.479,6.4,-5.5,22.4,195,227,256
Patrick Williams,CHI,64,8.8,3.7,1.9,0.8,0.5,1.3,0.386,0.324,0.496,6.3,-3.0,48.4,195,231,247
Trayce Jackson-Davis,GSW,46,8.7,6.5,2.1,0.5,0.8,0.9,0.625,0.0,0.609,9.3,-1.3,43.5,201,137,58
Brandon Clarke,MEM,61,8.7,5.3,1.0,0.8,0.6,0.6,0.607,0.004,0.633,8.5,3.4,65.6,201,151,21
Georges Niang,CLE,51,8.7,3.7,1.3,0.3,0.1,0.9,0.477,0.394,0.615,6.0,3.9,80.4,201,237,45
Goga Bitadze,ORL,57,8.6,7.8,2.2,0.8,1.6,1.2,0.641,0.044,0.66,10.4,1.8,52.6,204,110,10
Seth Curry,CHO,49,8.6,2.1,1.1,0.5,0.1,0.5,0.465,0.423,0.593,6.6,-2.8,26.5,204,216,80
Keon Ellis,SAC,78,8.5,2.7,1.6,1.6,0.8,0.9,0.477,0.399,0.649,8.0,0.4,48.7,206,166,16
Sam Hauser,BOS,73,8.5,3.1,0.9,0.5,0.2,0.4,0.447,0.41,0.627,6.7,4.9,74.0,206,210,30
Tristan Da Silva,ORL,62,8.4,3.8,1.8,0.5,0.3,0.8,0.407,0.325,0.517,6.5,-1.5,46.8,208,220,232
Alex Caruso,OKC,73,8.1,3.0,2.5,1.8,0.6,0.8,0.423,0.359,0.556,8.2,5.5,78.1,209,160,165
Vít Krejčí,ATL,50,8.1,3.0,2.9,0.7,0.5,1.0,0.51,0.421,0.682,7.5,-1.4,50.0,209,181,5
Jamison Battle,TOR,50,8.1,3.0,1.0,0.3,0.2,0.5,0.441,0.406,0.617,5.8,-3.7,32.0,209,241,40
Taurean Prince,MIL,83,8.0,3.5,2.0,0.9,0.2,1.0,0.437,0.424,0.596,6.5,-0.4,56.6,212,220,74
Ryan Dunn,PHO,62,8.0,4.1,0.9,0.7,0.6,0.6,0.432,0.283,0.511,6.0,-2.4,45.2,212,237,235
Day'Ron Sharpe,BRK,50,7.9,6.6,1.8,0.8,0.8,1.3,0.505,0.145,0.563,8.4,1.3,28.0,214,156,148
Cameron Payne,NYK,63,7.9,1.5,3.0,0.6,0.3,0.7,0.395,0.335,0.522,6.2,3.7,60.3,214,234,226
A.J. Green,MIL,76,7.9,2.5,1.6,0.5,0.1,0.6,0.424,0.411,0.616,5.7,3.2,59.2,214,243,43
Mike Conley,MIN,86,7.8,2.6,4.3,1.0,0.2,1.0,0.372,0.395,0.537,7.7,3.7,61.6,217,173,201
Thomas Bryant,IND,52,7.8,4.2,0.9,0.6,0.7,0.6,0.532,0.379,0.658,7.4,-0.2,71.2,217,187,12
Jarace Walker,IND,57,7.8,3.9,1.8,0.9,0.5,1.2,0.472,0.393,0.595,6.5,-1.4,57.9,217,220,77
Dorian Finney-Smith,LAL,48,7.8,3.7,1.5,0.9,0.3,0.9,0.425,0.353,0.565,6.3,5.4,62.5,217,231,141
Jake LaRavia,MEM,44,7.7,4.5,3.0,1.0,0.4,1.5,0.498,0.353,0.61,7.9,4.4,63.6,221,168,55
Cason Wallace,OKC,90,7.7,3.2,2.5,1.7,0.5,0.8,0.474,0.336,0.559,7.7,5.7,77.8,221,173,159
Peyton Watson,DEN,79,7.7,3.4,1.2,0.7,1.3,0.8,0.457,0.294,0.543,6.7,-1.5,58.2,221,210,191
Jamal Shead,TOR,69,7.6,1.6,4.5,0.8,0.1,1.6,0.416,0.33,0.511,5.9,-3.3,36.2,224,239,235
Precious Achiuwa,NYK,48,7.5,6.2,1.1,1.0,0.9,0.9,0.518,0.13,0.537,7.5,-0.2,66.7,225,181,201
Josh Green,CHO,67,7.5,2.6,1.6,1.1,0.2,1.0,0.404,0.336,0.527,5.6,-5.3,25.4,225,244,218
Sam Merrill,CLE,75,7.4,2.3,1.6,0.8,0.2,0.5,0.401,0.365,0.585,5.8,5.1,74.7,227,241,95
Jaxson Hayes,LAL,51,7.3,5.0,1.1,0.6,1.0,0.8,0.744,0.0,0.742,7.6,2.5,72.5,228,179,1
Jeremiah Robinson-Earl,NOP,54,7.3,5.4,1.5,0.7,0.1,0.9,0.472,0.324,0.585,7.0,-5.0,18.5,228,205,95
Haywood Highsmith,MIA,74,7.1,3.6,1.6,1.0,0.5,0.8,0.432,0.351,0.551,6.4,0.2,47.3,230,227,175
DaQuan Jeffries,CHO,44,7.1,3.0,1.2,0.6,0.6,0.8,0.384,0.312,0.486,4.8,-5.5,20.5,230,251,253
Gary Payton II,GSW,61,7.0,3.2,1.5,1.0,0.2,0.7,0.518,0.24,0.59,6.5,0.2,55.7,232,220,87
Trey Lyles,SAC,64,7.0,4.8,1.2,0.6,0.4,0.6,0.423,0.337,0.549,6.3,-0.9,51.6,232,231,178
Landry Shamet,NYK,41,7.0,1.3,0.8,0.5,0.0,0.6,0.481,0.354,0.609,4.6,2.5,61.0,232,255,58
Donovan Clingan,POR,63,6.8,8.1,1.2,0.5,1.7,1.1,0.543,0.163,0.574,8.2,0.2,42.9,235,160,118
Jonathan Mogbo,TOR,55,6.8,5.4,2.6,0.9,0.6,1.2,0.446,0.166,0.493,6.8,-4.0,29.1,235,208,249
Luke Kornet,BOS,72,6.7,5.6,1.6,0.6,1.1,0.5,0.647,0.0,0.674,8.8,6.5,73.6,237,144,7
Moussa Diabaté,CHO,55,6.7,7.3,1.0,0.8,0.7,0.9,0.574,0.0,0.587,8.1,-1.8,18.2,237,164,92
Kenrich Williams,OKC,66,6.7,3.8,1.4,0.7,0.2,0.6,0.474,0.338,0.573,5.9,4.9,80.3,237,239,122
Ron Holland,DET,75,6.7,2.8,1.0,0.6,0.2,0.9,0.467,0.164,0.55,4.8,-0.1,57.3,237,251,177
Davion Mitchell,TOR,42,6.6,2.0,4.8,0.7,0.2,1.9,0.421,0.388,0.529,5.6,-1.5,33.3,241,244,213
Gabe Vincent,LAL,73,6.5,1.3,1.4,0.7,0.2,0.5,0.395,0.318,0.52,4.2,0.5,61.6,242,260,228
Jaylin Williams,OKC,44,6.4,5.9,2.8,0.6,0.7,0.9,0.469,0.41,0.63,7.1,6.3,77.3,243,198,26
Kris Dunn,LAC,81,6.4,3.4,2.7,1.7,0.4,0.9,0.443,0.359,0.545,6.4,3.1,59.3,243,227,189
Isaac Okoro,CLE,57,6.4,2.4,1.2,0.6,0.3,0.5,0.497,0.359,0.629,5.3,5.5,75.4,243,248,27
Isaiah Stewart,DET,68,6.3,5.7,1.8,0.4,1.5,0.9,0.563,0.159,0.611,7.2,-0.1,52.9,246,196,53
Simone Fontecchio,DET,69,6.3,3.0,0.9,0.4,0.2,0.7,0.389,0.308,0.528,4.6,0.8,50.7,246,255,215
Javonte Green,NOP,46,6.2,3.8,0.9,1.1,0.6,0.6,0.434,0.334,0.56,6.1,-4.8,23.9,248,236,157
Tidjane Salaün,CHO,56,6.2,4.9,1.3,0.5,0.3,1.0,0.352,0.298,0.475,4.5,-5.4,19.6,248,257,259
Jonathan Isaac,ORL,64,5.9,4.8,0.7,0.9,1.2,0.5,0.427,0.217,0.521,6.4,-0.6,48.4,250,227,227
Oso Ighodaro,PHO,41,5.9,4.9,1.5,0.6,0.7,0.9,0.645,0.0,0.651,6.2,-0.3,39.0,250,234,13
Kris Murray,POR,45,5.9,3.6,1.4,0.7,0.3,0.8,0.433,0.219,0.477,5.1,-0.0,46.7,250,249,257
Julian Phillips,CHI,57,5.7,2.7,0.6,0.6,0.3,0.4,0.442,0.293,0.551,4.7,1.6,42.1,253,254,175
Dalen Terry,CHI,53,5.6,2.2,1.6,0.7,0.3,0.8,0.431,0.252,0.524,4.5,-1.5,50.9,254,257,223
Ben Sheppard,IND,74,5.3,2.8,1.2,0.6,0.2,0.4,0.423,0.329,0.568,4.4,-0.7,62.2,255,259,131
Mason Plumlee,PHO,61,5.2,6.6,1.9,0.5,0.7,0.8,0.625,0.0,0.631,6.8,0.6,44.3,256,208,25
Steven Adams,HOU,45,5.1,7.1,1.3,0.4,0.7,1.0,0.59,0.0,0.558,6.9,5.0,60.0,257,207,162
Kevon Looney,GSW,68,5.1,6.8,1.6,0.7,0.5,0.6,0.526,0.015,0.535,6.6,1.7,57.4,257,216,205
Dean Wade,CLE,65,5.1,4.4,1.3,0.7,0.3,0.4,0.415,0.342,0.563,5.1,4.4,76.9,257,249,148
Cody Williams,UTA,47,4.9,2.3,1.2,0.5,0.3,0.9,0.311,0.246,0.413,2.5,-6.9,17.0,260,263,263
Nicolas Batum,LAC,72,4.6,3.1,1.3,0.8,0.6,0.5,0.417,0.418,0.608,4.8,2.1,61.1,261,251,61
Andre Jackson Jr.,MIL,49,4.2,3.4,1.6,0.6,0.3,1.2,0.443,0.297,0.51,3.6,-0.3,55.1,262,261,238
Gary Harris,ORL,43,3.4,1.4,0.7,0.7,0.2,0.3,0.348,0.285,0.456,2.8,0.6,51.2,263,262,261
